game_id,home_team,away_team,season_type,week,stadium,roof,surface,temp,wind,home_win
2019_01_ATL_MIN,MIN,ATL,REG,1,U.S. Bank Stadium,dome,sportturf,,,0
2019_01_BAL_MIA,MIA,BAL,REG,1,Hard Rock Stadium,outdoors,grass,91.0,8.0,0
2019_01_BUF_NYJ,NYJ,BUF,REG,1,MetLife Stadium,outdoors,fieldturf,77.0,6.0,1
2019_01_CIN_SEA,SEA,CIN,REG,1,Lumen Field,outdoors,fieldturf,64.0,7.0,0
2019_01_DEN_OAK,LV,DEN,REG,1,Oakland-Alameda County Stadium,outdoors,grass,68.0,15.0,1
2019_01_DET_ARI,ARI,DET,REG,1,State Farm Stadium,closed,grass,,,0
2019_01_GB_CHI,CHI,GB,REG,1,Soldier Field,outdoors,grass,65.0,10.0,0
2019_01_HOU_NO,NO,HOU,REG,1,Caesars Superdome,dome,astroturf,,,0
2019_01_IND_LAC,LAC,IND,REG,1,ROKiT Field - Dignity Health Sports Park,outdoors,grass,77.0,10.0,1
2019_01_KC_JAX,JAX,KC,REG,1,EverBank Stadium,outdoors,grass,91.0,6.0,0
2019_01_LA_CAR,CAR,LA,REG,1,Bank of America Stadium,outdoors,grass,87.0,3.0,0
2019_01_NYG_DAL,DAL,NYG,REG,1,AT&T Stadium,closed,fieldturf,,,1
2019_01_PIT_NE,NE,PIT,REG,1,Gillette Stadium,outdoors,grass,66.0,2.0,1
2019_01_SF_TB,TB,SF,REG,1,Raymond James Stadium,outdoors,grass,93.0,9.0,0
2019_01_TEN_CLE,CLE,TEN,REG,1,Cleveland Browns Stadium,outdoors,grass,71.0,10.0,0
2019_01_WAS_PHI,PHI,WAS,REG,1,Lincoln Financial Field,outdoors,grass,79.0,4.0,1
2019_02_ARI_BAL,BAL,ARI,REG,2,M&T Bank Stadium,outdoors,grass,82.0,8.0,1
2019_02_BUF_NYG,NYG,BUF,REG,2,MetLife Stadium,outdoors,fieldturf,79.0,5.0,0
2019_02_CHI_DEN,DEN,CHI,REG,2,Empower Field at Mile High,outdoors,grass,87.0,3.0,0
2019_02_CLE_NYJ,NYJ,CLE,REG,2,MetLife Stadium,outdoors,fieldturf,72.0,3.0,0
2019_02_DAL_WAS,WAS,DAL,REG,2,Commanders Field,outdoors,grass,80.0,7.0,0
2019_02_IND_TEN,TEN,IND,REG,2,Nissan Stadium,outdoors,grass,93.0,1.0,1
2019_02_JAX_HOU,HOU,JAX,REG,2,NRG Stadium,closed,grass,,,1
2019_02_KC_OAK,LV,KC,REG,2,Oakland-Alameda County Stadium,outdoors,grass,70.0,13.0,0
2019_02_LAC_DET,DET,LAC,REG,2,Ford Field,dome,fieldturf,,,0
2019_02_MIN_GB,GB,MIN,REG,2,Lambeau Field,outdoors,grass,72.0,5.0,1
2019_02_NE_MIA,MIA,NE,REG,2,Hard Rock Stadium,outdoors,grass,87.0,4.0,0
2019_02_NO_LA,LA,NO,REG,2,Los Angeles Memorial Coliseum,outdoors,grass,85.0,4.0,1
2019_02_PHI_ATL,ATL,PHI,REG,2,Mercedes-Benz Stadium,open,fieldturf,,,1
2019_02_SEA_PIT,PIT,SEA,REG,2,Acrisure Stadium,outdoors,grass,81.0,3.0,0
2019_02_SF_CIN,CIN,SF,REG,2,Paycor Stadium,outdoors,grass,81.0,5.0,0
2019_02_TB_CAR,CAR,TB,REG,2,Bank of America Stadium,outdoors,grass,85.0,3.0,0
2019_03_ATL_IND,IND,ATL,REG,3,Lucas Oil Stadium,closed,fieldturf,,,1
2019_03_BAL_KC,KC,BAL,REG,3,GEHA Field at Arrowhead Stadium,outdoors,astroturf,,,1
2019_03_CAR_ARI,ARI,CAR,REG,3,State Farm Stadium,closed,grass,,,0
2019_03_CHI_WAS,WAS,CHI,REG,3,Commanders Field,outdoors,grass,87.0,5.0,0
2019_03_CIN_BUF,BUF,CIN,REG,3,Highmark Stadium,outdoors,astroturf,83.0,13.0,1
2019_03_DEN_GB,GB,DEN,REG,3,Lambeau Field,outdoors,grass,69.0,7.0,1
2019_03_DET_PHI,PHI,DET,REG,3,Lincoln Financial Field,outdoors,grass,84.0,7.0,0
2019_03_HOU_LAC,LAC,HOU,REG,3,ROKiT Field - Dignity Health Sports Park,outdoors,grass,87.0,4.0,1
2019_03_LA_CLE,CLE,LA,REG,3,Cleveland Browns Stadium,outdoors,grass,83.0,12.0,1
2019_03_MIA_DAL,DAL,MIA,REG,3,AT&T Stadium,closed,fieldturf,,,1
2019_03_NO_SEA,SEA,NO,REG,3,Lumen Field,outdoors,fieldturf,63.0,8.0,0
2019_03_NYG_TB,TB,NYG,REG,3,Raymond James Stadium,outdoors,grass,88.0,11.0,1
2019_03_NYJ_NE,NE,NYJ,REG,3,Gillette Stadium,outdoors,grass,81.0,10.0,1
2019_03_OAK_MIN,MIN,LV,REG,3,U.S. Bank Stadium,dome,sportturf,,,1
2019_03_PIT_SF,SF,PIT,REG,3,Levi's® Stadium,outdoors,grass,79.0,3.0,0
2019_03_TEN_JAX,JAX,TEN,REG,3,EverBank Stadium,outdoors,grass,73.0,9.0,1
2019_04_CAR_HOU,HOU,CAR,REG,4,NRG Stadium,closed,grass,,,0
2019_04_CIN_PIT,PIT,CIN,REG,4,Acrisure Stadium,outdoors,grass,76.0,1.0,1
2019_04_CLE_BAL,BAL,CLE,REG,4,M&T Bank Stadium,outdoors,grass,83.0,8.0,0
2019_04_DAL_NO,NO,DAL,REG,4,Caesars Superdome,dome,astroturf,,,0
2019_04_JAX_DEN,DEN,JAX,REG,4,Empower Field at Mile High,outdoors,grass,87.0,14.0,1
2019_04_KC_DET,DET,KC,REG,4,Ford Field,dome,fieldturf,,,1
2019_04_LAC_MIA,MIA,LAC,REG,4,Hard Rock Stadium,outdoors,grass,88.0,15.0,0
2019_04_MIN_CHI,CHI,MIN,REG,4,Soldier Field,outdoors,grass,67.0,8.0,1
2019_04_NE_BUF,BUF,NE,REG,4,Highmark Stadium,outdoors,astroturf,58.0,10.0,0
2019_04_OAK_IND,IND,LV,REG,4,Lucas Oil Stadium,closed,fieldturf,,,0
2019_04_PHI_GB,GB,PHI,REG,4,Lambeau Field,outdoors,grass,60.0,3.0,0
2019_04_SEA_ARI,ARI,SEA,REG,4,State Farm Stadium,closed,grass,,,0
2019_04_TB_LA,LA,TB,REG,4,Los Angeles Memorial Coliseum,outdoors,grass,74.0,2.0,0
2019_04_TEN_ATL,ATL,TEN,REG,4,Mercedes-Benz Stadium,closed,fieldturf,,,0
2019_04_WAS_NYG,NYG,WAS,REG,4,MetLife Stadium,outdoors,fieldturf,77.0,11.0,1
2019_05_ARI_CIN,CIN,ARI,REG,5,Paycor Stadium,outdoors,grass,76.0,6.0,0
2019_05_ATL_HOU,HOU,ATL,REG,5,NRG Stadium,closed,grass,,,1
2019_05_BAL_PIT,PIT,BAL,REG,5,Acrisure Stadium,outdoors,grass,70.0,7.0,1
2019_05_BUF_TEN,TEN,BUF,REG,5,Nissan Stadium,outdoors,grass,77.0,13.0,0
2019_05_CHI_OAK,LV,CHI,REG,5,Tottenham Hotspur Stadium,outdoors,grass,59.0,15.0,0
2019_05_CLE_SF,SF,CLE,REG,5,Levi's® Stadium,outdoors,grass,87.0,8.0,1
2019_05_DEN_LAC,LAC,DEN,REG,5,ROKiT Field - Dignity Health Sports Park,outdoors,grass,85.0,12.0,0
2019_05_GB_DAL,DAL,GB,REG,5,AT&T Stadium,closed,fieldturf,,,0
2019_05_IND_KC,KC,IND,REG,5,GEHA Field at Arrowhead Stadium,outdoors,astroturf,59.0,3.0,0
2019_05_JAX_CAR,CAR,JAX,REG,5,Bank of America Stadium,outdoors,grass,72.0,4.0,1
2019_05_LA_SEA,SEA,LA,REG,5,Lumen Field,outdoors,fieldturf,57.0,7.0,0
2019_05_MIN_NYG,NYG,MIN,REG,5,MetLife Stadium,outdoors,fieldturf,66.0,10.0,0
2019_05_NE_WAS,WAS,NE,REG,5,Commanders Field,outdoors,grass,70.0,8.0,0
2019_05_NYJ_PHI,PHI,NYJ,REG,5,Lincoln Financial Field,outdoors,grass,68.0,10.0,1
2019_05_TB_NO,NO,TB,REG,5,Caesars Superdome,dome,astroturf,,,1
2019_06_ATL_ARI,ARI,ATL,REG,6,State Farm Stadium,closed,grass,,,1
2019_06_CAR_TB,TB,CAR,REG,6,Tottenham Hotspur Stadium,outdoors,grass,61.0,14.0,0
2019_06_CIN_BAL,BAL,CIN,REG,6,M&T Bank Stadium,outdoors,grass,64.0,7.0,1
2019_06_DAL_NYJ,NYJ,DAL,REG,6,MetLife Stadium,outdoors,fieldturf,66.0,7.0,1
2019_06_DET_GB,GB,DET,REG,6,Lambeau Field,outdoors,grass,43.0,5.0,0
2019_06_HOU_KC,KC,HOU,REG,6,GEHA Field at Arrowhead Stadium,outdoors,astroturf,56.0,2.0,0
2019_06_NO_JAX,JAX,NO,REG,6,EverBank Stadium,outdoors,grass,81.0,3.0,0
2019_06_NYG_NE,NE,NYG,REG,6,Gillette Stadium,outdoors,grass,54.0,13.0,1
2019_06_PHI_MIN,MIN,PHI,REG,6,U.S. Bank Stadium,dome,sportturf,,,1
2019_06_PIT_LAC,LAC,PIT,REG,6,ROKiT Field - Dignity Health Sports Park,outdoors,grass,71.0,9.0,0
2019_06_SEA_CLE,CLE,SEA,REG,6,Cleveland Browns Stadium,outdoors,grass,58.0,20.0,0
2019_06_SF_LA,LA,SF,REG,6,Los Angeles Memorial Coliseum,outdoors,grass,77.0,2.0,0
2019_06_TEN_DEN,DEN,TEN,REG,6,Empower Field at Mile High,outdoors,grass,69.0,7.0,1
2019_06_WAS_MIA,MIA,WAS,REG,6,Hard Rock Stadium,outdoors,grass,84.0,13.0,0
2019_07_ARI_NYG,NYG,ARI,REG,7,MetLife Stadium,outdoors,fieldturf,56.0,3.0,0
2019_07_BAL_SEA,SEA,BAL,REG,7,Lumen Field,outdoors,fieldturf,50.0,8.0,0
2019_07_HOU_IND,IND,HOU,REG,7,Lucas Oil Stadium,open,fieldturf,,,1
2019_07_JAX_CIN,CIN,JAX,REG,7,Paycor Stadium,outdoors,grass,70.0,2.0,0
2019_07_KC_DEN,DEN,KC,REG,7,Empower Field at Mile High,outdoors,grass,75.0,6.0,0
2019_07_LAC_TEN,TEN,LAC,REG,7,Nissan Stadium,outdoors,grass,77.0,2.0,0
2019_07_LA_ATL,ATL,LA,REG,7,Mercedes-Benz Stadium,open,fieldturf,,,0
2019_07_MIA_BUF,BUF,MIA,REG,7,Highmark Stadium,outdoors,astroturf,65.0,7.0,1
2019_07_MIN_DET,DET,MIN,REG,7,Ford Field,dome,fieldturf,,,0
2019_07_NE_NYJ,NYJ,NE,REG,7,MetLife Stadium,outdoors,fieldturf,58.0,0.0,0
2019_07_NO_CHI,CHI,NO,REG,7,Soldier Field,outdoors,grass,54.0,6.0,0
2019_07_OAK_GB,GB,LV,REG,7,Lambeau Field,outdoors,grass,55.0,6.0,1
2019_07_PHI_DAL,DAL,PHI,REG,7,AT&T Stadium,closed,fieldturf,,,1
2019_07_SF_WAS,WAS,SF,REG,7,Commanders Field,outdoors,grass,55.0,12.0,0
2019_08_ARI_NO,NO,ARI,REG,8,Caesars Superdome,dome,astroturf,,,1
2019_08_CAR_SF,SF,CAR,REG,8,Levi's® Stadium,outdoors,grass,66.0,19.0,1
2019_08_CIN_LA,LA,CIN,REG,8,Wembley Stadium,outdoors,grass,48.0,5.0,1
2019_08_CLE_NE,NE,CLE,REG,8,Gillette Stadium,outdoors,grass,49.0,11.0,1
2019_08_DEN_IND,IND,DEN,REG,8,Lucas Oil Stadium,open,fieldturf,,,0
2019_08_GB_KC,KC,GB,REG,8,GEHA Field at Arrowhead Stadium,outdoors,astroturf,54.0,5.0,1
2019_08_LAC_CHI,CHI,LAC,REG,8,Soldier Field,outdoors,grass,52.0,9.0,1
2019_08_MIA_PIT,PIT,MIA,REG,8,Acrisure Stadium,outdoors,grass,59.0,2.0,1
2019_08_NYG_DET,DET,NYG,REG,8,Ford Field,dome,fieldturf,,,1
2019_08_NYJ_JAX,JAX,NYJ,REG,8,EverBank Stadium,outdoors,grass,79.0,11.0,1
2019_08_OAK_HOU,HOU,LV,REG,8,NRG Stadium,closed,grass,,,0
2019_08_PHI_BUF,BUF,PHI,REG,8,Highmark Stadium,outdoors,astroturf,54.0,23.0,0
2019_08_SEA_ATL,ATL,SEA,REG,8,Mercedes-Benz Stadium,open,fieldturf,,,0
2019_08_TB_TEN,TEN,TB,REG,8,Nissan Stadium,outdoors,grass,59.0,3.0,0
2019_08_WAS_MIN,MIN,WAS,REG,8,U.S. Bank Stadium,dome,sportturf,,,1
2019_09_CHI_PHI,PHI,CHI,REG,9,Lincoln Financial Field,outdoors,grass,52.0,13.0,1
2019_09_CLE_DEN,DEN,CLE,REG,9,Empower Field at Mile High,outdoors,grass,55.0,4.0,1
2019_09_DAL_NYG,NYG,DAL,REG,9,MetLife Stadium,outdoors,fieldturf,51.0,10.0,0
2019_09_DET_OAK,LV,DET,REG,9,Oakland-Alameda County Stadium,outdoors,grass,71.0,6.0,0
2019_09_GB_LAC,LAC,GB,REG,9,ROKiT Field - Dignity Health Sports Park,outdoors,grass,79.0,2.0,1
2019_09_HOU_JAX,JAX,HOU,REG,9,Wembley Stadium,outdoors,grass,53.0,6.0,0
2019_09_IND_PIT,PIT,IND,REG,9,Acrisure Stadium,outdoors,grass,48.0,12.0,1
2019_09_MIN_KC,KC,MIN,REG,9,GEHA Field at Arrowhead Stadium,outdoors,astroturf,54.0,15.0,1
2019_09_NE_BAL,BAL,NE,REG,9,M&T Bank Stadium,outdoors,grass,48.0,1.0,1
2019_09_NYJ_MIA,MIA,NYJ,REG,9,Hard Rock Stadium,outdoors,grass,85.0,11.0,1
2019_09_SF_ARI,ARI,SF,REG,9,State Farm Stadium,closed,grass,,,0
2019_09_TB_SEA,SEA,TB,REG,9,Lumen Field,outdoors,fieldturf,54.0,6.0,0
2019_09_TEN_CAR,CAR,TEN,REG,9,Bank of America Stadium,outdoors,grass,58.0,5.0,1
2019_09_WAS_BUF,BUF,WAS,REG,9,Highmark Stadium,outdoors,astroturf,42.0,18.0,1
2019_10_ARI_TB,TB,ARI,REG,10,Raymond James Stadium,outdoors,grass,77.0,8.0,0
2019_10_ATL_NO,NO,ATL,REG,10,Caesars Superdome,dome,astroturf,,,0
2019_10_BAL_CIN,CIN,BAL,REG,10,Paycor Stadium,outdoors,grass,56.0,9.0,0
2019_10_BUF_CLE,CLE,BUF,REG,10,Cleveland Browns Stadium,outdoors,grass,50.0,10.0,1
2019_10_CAR_GB,GB,CAR,REG,10,Lambeau Field,outdoors,grass,34.0,6.0,1
2019_10_DET_CHI,CHI,DET,REG,10,Soldier Field,outdoors,grass,40.0,12.0,1
2019_10_KC_TEN,TEN,KC,REG,10,Nissan Stadium,outdoors,grass,63.0,9.0,0
2019_10_LAC_OAK,LV,LAC,REG,10,Oakland-Alameda County Stadium,outdoors,grass,54.0,9.0,1
2019_10_LA_PIT,PIT,LA,REG,10,Acrisure Stadium,outdoors,grass,55.0,12.0,1
2019_10_MIA_IND,IND,MIA,REG,10,Lucas Oil Stadium,closed,fieldturf,,,0
2019_10_MIN_DAL,DAL,MIN,REG,10,AT&T Stadium,closed,fieldturf,,,1
2019_10_NYG_NYJ,NYJ,NYG,REG,10,MetLife Stadium,outdoors,fieldturf,48.0,8.0,0
2019_10_SEA_SF,SF,SEA,REG,10,Levi's® Stadium,outdoors,grass,77.0,3.0,0
2019_11_ARI_SF,SF,ARI,REG,11,Levi's® Stadium,outdoors,grass,72.0,0.0,1
2019_11_ATL_CAR,CAR,ATL,REG,11,Bank of America Stadium,outdoors,grass,51.0,11.0,0
2019_11_BUF_MIA,MIA,BUF,REG,11,Hard Rock Stadium,outdoors,grass,62.0,13.0,0
2019_11_CHI_LA,LA,CHI,REG,11,Los Angeles Memorial Coliseum,outdoors,grass,79.0,0.0,1
2019_11_CIN_OAK,LV,CIN,REG,11,Oakland-Alameda County Stadium,outdoors,grass,76.0,13.0,1
2019_11_DAL_DET,DET,DAL,REG,11,Ford Field,dome,fieldturf,,,0
2019_11_DEN_MIN,MIN,DEN,REG,11,U.S. Bank Stadium,dome,sportturf,,,0
2019_11_HOU_BAL,BAL,HOU,REG,11,M&T Bank Stadium,outdoors,grass,44.0,10.0,1
2019_11_JAX_IND,IND,JAX,REG,11,Lucas Oil Stadium,closed,fieldturf,,,1
2019_11_KC_LAC,LAC,KC,REG,11,Estadio Azteca (Mexico City),outdoors,grass,67.0,7.0,0
2019_11_NE_PHI,PHI,NE,REG,11,Lincoln Financial Field,outdoors,grass,42.0,13.0,0
2019_11_NO_TB,TB,NO,REG,11,Raymond James Stadium,outdoors,grass,55.0,4.0,0
2019_11_NYJ_WAS,WAS,NYJ,REG,11,Commanders Field,outdoors,grass,43.0,8.0,0
2019_11_PIT_CLE,CLE,PIT,REG,11,Cleveland Browns Stadium,outdoors,grass,36.0,10.0,1
2019_12_BAL_LA,LA,BAL,REG,12,Los Angeles Memorial Coliseum,outdoors,grass,62.0,5.0,0
2019_12_CAR_NO,NO,CAR,REG,12,Caesars Superdome,dome,astroturf,,,1
2019_12_DAL_NE,NE,DAL,REG,12,Gillette Stadium,outdoors,grass,38.0,16.0,1
2019_12_DEN_BUF,BUF,DEN,REG,12,Highmark Stadium,outdoors,astroturf,40.0,17.0,1
2019_12_DET_WAS,WAS,DET,REG,12,Commanders Field,outdoors,grass,46.0,17.0,0
2019_12_GB_SF,SF,GB,REG,12,Levi's® Stadium,outdoors,grass,63.0,7.0,1
2019_12_IND_HOU,HOU,IND,REG,12,NRG Stadium,closed,grass,,,0
2019_12_JAX_TEN,TEN,JAX,REG,12,Nissan Stadium,outdoors,grass,52.0,9.0,1
2019_12_MIA_CLE,CLE,MIA,REG,12,Cleveland Browns Stadium,outdoors,grass,39.0,14.0,1
2019_12_NYG_CHI,CHI,NYG,REG,12,Soldier Field,outdoors,grass,48.0,12.0,1
2019_12_OAK_NYJ,NYJ,LV,REG,12,MetLife Stadium,outdoors,fieldturf,43.0,12.0,1
2019_12_PIT_CIN,CIN,PIT,REG,12,Paycor Stadium,outdoors,grass,46.0,10.0,0
2019_12_SEA_PHI,PHI,SEA,REG,12,Lincoln Financial Field,outdoors,grass,40.0,17.0,0
2019_12_TB_ATL,ATL,TB,REG,12,Mercedes-Benz Stadium,closed,fieldturf,,,0
2019_13_BUF_DAL,DAL,BUF,REG,13,AT&T Stadium,closed,fieldturf,,,0
2019_13_CHI_DET,DET,CHI,REG,13,Ford Field,dome,fieldturf,,,0
2019_13_CLE_PIT,PIT,CLE,REG,13,Acrisure Stadium,outdoors,grass,46.0,6.0,1
2019_13_GB_NYG,NYG,GB,REG,13,MetLife Stadium,outdoors,fieldturf,32.0,10.0,0
2019_13_LAC_DEN,DEN,LAC,REG,13,Empower Field at Mile High,outdoors,grass,33.0,7.0,1
2019_13_LA_ARI,ARI,LA,REG,13,State Farm Stadium,closed,grass,,,0
2019_13_MIN_SEA,SEA,MIN,REG,13,Lumen Field,outdoors,fieldturf,51.0,1.0,1
2019_13_NE_HOU,HOU,NE,REG,13,NRG Stadium,closed,grass,,,1
2019_13_NO_ATL,ATL,NO,REG,13,Mercedes-Benz Stadium,closed,fieldturf,,,0
2019_13_NYJ_CIN,CIN,NYJ,REG,13,Paycor Stadium,outdoors,grass,46.0,15.0,1
2019_13_OAK_KC,KC,LV,REG,13,GEHA Field at Arrowhead Stadium,outdoors,astroturf,36.0,20.0,1
2019_13_PHI_MIA,MIA,PHI,REG,13,Hard Rock Stadium,outdoors,grass,82.0,15.0,0
2019_13_SF_BAL,BAL,SF,REG,13,M&T Bank Stadium,outdoors,grass,40.0,13.0,1
2019_13_TB_JAX,JAX,TB,REG,13,EverBank Stadium,outdoors,grass,77.0,15.0,0
2019_13_TEN_IND,IND,TEN,REG,13,Lucas Oil Stadium,closed,fieldturf,,,1
2019_13_WAS_CAR,CAR,WAS,REG,13,Bank of America Stadium,outdoors,grass,64.0,16.0,0
2019_14_BAL_BUF,BUF,BAL,REG,14,Highmark Stadium,outdoors,astroturf,43.0,18.0,0
2019_14_CAR_ATL,ATL,CAR,REG,14,Mercedes-Benz Stadium,closed,fieldturf,,,1
2019_14_CIN_CLE,CLE,CIN,REG,14,Cleveland Browns Stadium,outdoors,grass,48.0,16.0,1
2019_14_DAL_CHI,CHI,DAL,REG,14,Soldier Field,outdoors,grass,44.0,9.0,1
2019_14_DEN_HOU,HOU,DEN,REG,14,NRG Stadium,closed,grass,,,0
2019_14_DET_MIN,MIN,DET,REG,14,U.S. Bank Stadium,dome,sportturf,,,1
2019_14_IND_TB,TB,IND,REG,14,Raymond James Stadium,outdoors,grass,78.0,9.0,0
2019_14_KC_NE,NE,KC,REG,14,Gillette Stadium,outdoors,grass,32.0,8.0,0
2019_14_LAC_JAX,JAX,LAC,REG,14,EverBank Stadium,outdoors,grass,62.0,7.0,0
2019_14_MIA_NYJ,NYJ,MIA,REG,14,MetLife Stadium,outdoors,fieldturf,41.0,9.0,1
2019_14_NYG_PHI,PHI,NYG,REG,14,Lincoln Financial Field,outdoors,grass,53.0,11.0,0
2019_14_PIT_ARI,ARI,PIT,REG,14,State Farm Stadium,closed,grass,,,0
2019_14_SEA_LA,LA,SEA,REG,14,Los Angeles Memorial Coliseum,outdoors,grass,60.0,4.0,1
2019_14_SF_NO,NO,SF,REG,14,Caesars Superdome,dome,astroturf,,,0
2019_14_TEN_OAK,LV,TEN,REG,14,Oakland-Alameda County Stadium,outdoors,grass,59.0,5.0,0
2019_14_WAS_GB,GB,WAS,REG,14,Lambeau Field,outdoors,grass,37.0,10.0,1
2019_15_ATL_SF,SF,ATL,REG,15,Levi's® Stadium,outdoors,grass,55.0,6.0,1
2019_15_BUF_PIT,PIT,BUF,REG,15,Acrisure Stadium,outdoors,grass,31.0,6.0,1
2019_15_CHI_GB,GB,CHI,REG,15,Lambeau Field,outdoors,grass,11.0,7.0,1
2019_15_CLE_ARI,ARI,CLE,REG,15,State Farm Stadium,closed,grass,,,1
2019_15_DEN_KC,KC,DEN,REG,15,GEHA Field at Arrowhead Stadium,outdoors,astroturf,24.0,8.0,1
2019_15_HOU_TEN,TEN,HOU,REG,15,Nissan Stadium,outdoors,grass,45.0,4.0,0
2019_15_IND_NO,NO,IND,REG,15,Caesars Superdome,dome,astroturf,,,1
2019_15_JAX_OAK,LV,JAX,REG,15,Oakland-Alameda County Stadium,outdoors,grass,59.0,7.0,1
2019_15_LA_DAL,DAL,LA,REG,15,AT&T Stadium,closed,fieldturf,,,1
2019_15_MIA_NYG,NYG,MIA,REG,15,MetLife Stadium,outdoors,fieldturf,48.0,19.0,1
2019_15_MIN_LAC,LAC,MIN,REG,15,ROKiT Field - Dignity Health Sports Park,outdoors,grass,64.0,14.0,0
2019_15_NE_CIN,CIN,NE,REG,15,Paycor Stadium,outdoors,grass,36.0,6.0,0
2019_15_NYJ_BAL,BAL,NYJ,REG,15,M&T Bank Stadium,outdoors,grass,33.0,3.0,1
2019_15_PHI_WAS,WAS,PHI,REG,15,Commanders Field,outdoors,grass,52.0,13.0,1
2019_15_SEA_CAR,CAR,SEA,REG,15,Bank of America Stadium,outdoors,grass,56.0,5.0,0
2019_15_TB_DET,DET,TB,REG,15,Ford Field,dome,fieldturf,,,0
2019_16_ARI_SEA,SEA,ARI,REG,16,Lumen Field,outdoors,fieldturf,43.0,7.0,0
2019_16_BAL_CLE,CLE,BAL,REG,16,Cleveland Browns Stadium,outdoors,grass,49.0,10.0,0
2019_16_BUF_NE,NE,BUF,REG,16,Gillette Stadium,outdoors,grass,33.0,2.0,0
2019_16_CAR_IND,IND,CAR,REG,16,Lucas Oil Stadium,closed,fieldturf,,,1
2019_16_CIN_MIA,MIA,CIN,REG,16,Hard Rock Stadium,outdoors,grass,76.0,15.0,1
2019_16_DAL_PHI,PHI,DAL,REG,16,Lincoln Financial Field,outdoors,grass,47.0,7.0,1
2019_16_DET_DEN,DEN,DET,REG,16,Empower Field at Mile High,outdoors,grass,67.0,3.0,0
2019_16_GB_MIN,MIN,GB,REG,16,U.S. Bank Stadium,dome,sportturf,,,1
2019_16_HOU_TB,TB,HOU,REG,16,Raymond James Stadium,outdoors,grass,73.0,11.0,0
2019_16_JAX_ATL,ATL,JAX,REG,16,Mercedes-Benz Stadium,closed,fieldturf,,,1
2019_16_KC_CHI,CHI,KC,REG,16,Soldier Field,outdoors,grass,45.0,10.0,0
2019_16_LA_SF,SF,LA,REG,16,Levi's® Stadium,outdoors,grass,58.0,12.0,0
2019_16_NO_TEN,TEN,NO,REG,16,Nissan Stadium,outdoors,grass,50.0,4.0,0
2019_16_NYG_WAS,WAS,NYG,REG,16,Commanders Field,outdoors,grass,44.0,6.0,0
2019_16_OAK_LAC,LAC,LV,REG,16,ROKiT Field - Dignity Health Sports Park,outdoors,grass,64.0,10.0,0
2019_16_PIT_NYJ,NYJ,PIT,REG,16,MetLife Stadium,outdoors,fieldturf,45.0,6.0,1
2019_17_ARI_LA,LA,ARI,REG,17,Los Angeles Memorial Coliseum,outdoors,grass,62.0,0.0,0
2019_17_ATL_TB,TB,ATL,REG,17,Raymond James Stadium,outdoors,grass,78.0,12.0,1
2019_17_CHI_MIN,MIN,CHI,REG,17,U.S. Bank Stadium,dome,sportturf,,,0
2019_17_CLE_CIN,CIN,CLE,REG,17,Paycor Stadium,outdoors,grass,64.0,7.0,1
2019_17_GB_DET,DET,GB,REG,17,Ford Field,dome,fieldturf,,,1
2019_17_IND_JAX,JAX,IND,REG,17,EverBank Stadium,outdoors,grass,,,1
2019_17_LAC_KC,KC,LAC,REG,17,GEHA Field at Arrowhead Stadium,outdoors,astroturf,40.0,16.0,1
2019_17_MIA_NE,NE,MIA,REG,17,Gillette Stadium,outdoors,grass,43.0,2.0,0
2019_17_NO_CAR,CAR,NO,REG,17,Bank of America Stadium,outdoors,grass,63.0,9.0,0
2019_17_NYJ_BUF,BUF,NYJ,REG,17,Highmark Stadium,outdoors,astroturf,43.0,7.0,0
2019_17_OAK_DEN,DEN,LV,REG,17,Empower Field at Mile High,outdoors,grass,31.0,6.0,1
2019_17_PHI_NYG,NYG,PHI,REG,17,MetLife Stadium,outdoors,fieldturf,42.0,5.0,0
2019_17_PIT_BAL,BAL,PIT,REG,17,M&T Bank Stadium,outdoors,grass,46.0,7.0,1
2019_17_SF_SEA,SEA,SF,REG,17,Lumen Field,outdoors,fieldturf,51.0,3.0,0
2019_17_TEN_HOU,HOU,TEN,REG,17,NRG Stadium,closed,grass,,,0
2019_17_WAS_DAL,DAL,WAS,REG,17,AT&T Stadium,closed,fieldturf,,,1
2019_18_BUF_HOU,HOU,BUF,POST,18,NRG Stadium,closed,grass,,,0
2019_18_MIN_NO,NO,MIN,POST,18,Caesars Superdome,dome,astroturf,,,0
2019_18_SEA_PHI,PHI,SEA,POST,18,Lincoln Financial Field,outdoors,grass,41.0,17.0,0
2019_18_TEN_NE,NE,TEN,POST,18,Gillette Stadium,outdoors,grass,44.0,4.0,0
2019_19_HOU_KC,KC,HOU,POST,19,GEHA Field at Arrowhead Stadium,outdoors,astroturf,,,1
2019_19_MIN_SF,SF,MIN,POST,19,Levi's® Stadium,outdoors,grass,56.0,11.0,1
2019_19_SEA_GB,GB,SEA,POST,19,Lambeau Field,outdoors,grass,23.0,8.0,1
2019_19_TEN_BAL,BAL,TEN,POST,19,M&T Bank Stadium,outdoors,grass,69.0,12.0,0
2019_20_GB_SF,SF,GB,POST,20,Levi's® Stadium,outdoors,grass,58.0,5.0,1
2019_20_TEN_KC,KC,TEN,POST,20,GEHA Field at Arrowhead Stadium,outdoors,astroturf,,,1
2019_21_SF_KC,KC,SF,POST,21,Hard Rock Stadium,outdoors,grass,,,0
2020_01_ARI_SF,SF,ARI,REG,1,Levi's® Stadium,outdoors,grass,66.0,6.0,1
2020_01_CHI_DET,DET,CHI,REG,1,Ford Field,dome,fieldturf,,,1
2020_01_CLE_BAL,BAL,CLE,REG,1,M&T Bank Stadium,outdoors,grass,76.0,5.0,1
2020_01_DAL_LA,LA,DAL,REG,1,SoFi Stadium,dome,matrixturf,,,1
2020_01_GB_MIN,MIN,GB,REG,1,U.S. Bank Stadium,dome,sportturf,,,0
2020_01_HOU_KC,KC,HOU,REG,1,GEHA Field at Arrowhead Stadium,outdoors,grass,56.0,7.0,1
2020_01_IND_JAX,JAX,IND,REG,1,EverBank Stadium,outdoors,grass,80.0,3.0,0
2020_01_LAC_CIN,CIN,LAC,REG,1,Paycor Stadium,outdoors,grass,83.0,6.0,1
2020_01_LV_CAR,CAR,LV,REG,1,Bank of America Stadium,outdoors,grass,81.0,5.0,0
2020_01_MIA_NE,NE,MIA,REG,1,Gillette Stadium,outdoors,grass,70.0,8.0,1
2020_01_NYJ_BUF,BUF,NYJ,REG,1,Highmark Stadium,outdoors,astroturf,67.0,15.0,1
2020_01_PHI_WAS,WAS,PHI,REG,1,Commanders Field,outdoors,grass,76.0,5.0,0
2020_01_PIT_NYG,NYG,PIT,REG,1,MetLife Stadium,outdoors,fieldturf,71.0,5.0,0
2020_01_SEA_ATL,ATL,SEA,REG,1,Mercedes-Benz Stadium,closed,fieldturf,,,0
2020_01_TB_NO,NO,TB,REG,1,Caesars Superdome,dome,astroturf,,,1
2020_01_TEN_DEN,DEN,TEN,REG,1,Empower Field at Mile High,outdoors,grass,79.0,10.0,0
2020_02_ATL_DAL,DAL,ATL,REG,2,AT&T Stadium,closed,fieldturf,,,0
2020_02_BAL_HOU,HOU,BAL,REG,2,NRG Stadium,closed,grass,,,0
2020_02_BUF_MIA,MIA,BUF,REG,2,Hard Rock Stadium,outdoors,grass,90.0,5.0,0
2020_02_CAR_TB,TB,CAR,REG,2,Raymond James Stadium,outdoors,grass,85.0,17.0,1
2020_02_CIN_CLE,CLE,CIN,REG,2,Cleveland Browns Stadium,outdoors,grass,65.0,8.0,1
2020_02_DEN_PIT,PIT,DEN,REG,2,Acrisure Stadium,outdoors,grass,64.0,5.0,1
2020_02_DET_GB,GB,DET,REG,2,Lambeau Field,outdoors,grass,66.0,12.0,1
2020_02_JAX_TEN,TEN,JAX,REG,2,Nissan Stadium,outdoors,grass,72.0,5.0,1
2020_02_KC_LAC,LAC,KC,REG,2,SoFi Stadium,dome,matrixturf,,,1
2020_02_LA_PHI,PHI,LA,REG,2,Lincoln Financial Field,outdoors,grass,62.0,12.0,0
2020_02_MIN_IND,IND,MIN,REG,2,Lucas Oil Stadium,closed,fieldturf,,,1
2020_02_NE_SEA,SEA,NE,REG,2,Lumen Field,outdoors,fieldturf,70.0,5.0,1
2020_02_NO_LV,LV,NO,REG,2,Allegiant Stadium,dome,grass,,,1
2020_02_NYG_CHI,CHI,NYG,REG,2,Soldier Field,outdoors,grass,66.0,12.0,1
2020_02_SF_NYJ,NYJ,SF,REG,2,MetLife Stadium,outdoors,fieldturf,61.0,7.0,0
2020_02_WAS_ARI,ARI,WAS,REG,2,State Farm Stadium,closed,grass,,,1
2020_03_CAR_LAC,LAC,CAR,REG,3,SoFi Stadium,dome,matrixturf,,,0
2020_03_CHI_ATL,ATL,CHI,REG,3,Mercedes-Benz Stadium,closed,fieldturf,,,1
2020_03_CIN_PHI,PHI,CIN,REG,3,Lincoln Financial Field,outdoors,grass,76.0,5.0,0
2020_03_DAL_SEA,SEA,DAL,REG,3,Lumen Field,outdoors,fieldturf,63.0,3.0,1
2020_03_DET_ARI,ARI,DET,REG,3,State Farm Stadium,closed,grass,,,0
2020_03_GB_NO,NO,GB,REG,3,Caesars Superdome,dome,astroturf,,,0
2020_03_HOU_PIT,PIT,HOU,REG,3,Acrisure Stadium,outdoors,grass,79.0,6.0,0
2020_03_KC_BAL,BAL,KC,REG,3,M&T Bank Stadium,outdoors,grass,73.0,8.0,0
2020_03_LA_BUF,BUF,LA,REG,3,Highmark Stadium,outdoors,astroturf,79.0,16.0,1
2020_03_LV_NE,NE,LV,REG,3,Gillette Stadium,outdoors,grass,73.0,8.0,1
2020_03_MIA_JAX,JAX,MIA,REG,3,EverBank Stadium,outdoors,grass,81.0,12.0,0
2020_03_NYJ_IND,IND,NYJ,REG,3,Lucas Oil Stadium,closed,fieldturf,,,1
2020_03_SF_NYG,NYG,SF,REG,3,MetLife Stadium,outdoors,fieldturf,75.0,2.0,0
2020_03_TB_DEN,DEN,TB,REG,3,Empower Field at Mile High,outdoors,grass,55.0,7.0,0
2020_03_TEN_MIN,MIN,TEN,REG,3,U.S. Bank Stadium,dome,sportturf,,,1
2020_03_WAS_CLE,CLE,WAS,REG,3,Cleveland Browns Stadium,outdoors,grass,73.0,18.0,1
2020_04_ARI_CAR,CAR,ARI,REG,4,Bank of America Stadium,outdoors,grass,68.0,8.0,1
2020_04_ATL_GB,GB,ATL,REG,4,Lambeau Field,outdoors,grass,53.0,9.0,1
2020_04_BAL_WAS,WAS,BAL,REG,4,Commanders Field,outdoors,grass,65.0,5.0,0
2020_04_BUF_LV,LV,BUF,REG,4,Allegiant Stadium,dome,grass,,,0
2020_04_CLE_DAL,DAL,CLE,REG,4,AT&T Stadium,closed,fieldturf,,,0
2020_04_DEN_NYJ,NYJ,DEN,REG,4,MetLife Stadium,outdoors,fieldturf,64.0,6.0,0
2020_04_IND_CHI,CHI,IND,REG,4,Soldier Field,outdoors,grass,52.0,10.0,0
2020_04_JAX_CIN,CIN,JAX,REG,4,Paycor Stadium,outdoors,grass,64.0,6.0,1
2020_04_LAC_TB,TB,LAC,REG,4,Raymond James Stadium,outdoors,grass,75.0,6.0,0
2020_04_MIN_HOU,HOU,MIN,REG,4,NRG Stadium,closed,grass,,,0
2020_04_NE_KC,KC,NE,REG,4,GEHA Field at Arrowhead Stadium,outdoors,astroturf,73.0,14.0,1
2020_04_NO_DET,DET,NO,REG,4,Ford Field,dome,fieldturf,,,0
2020_04_NYG_LA,LA,NYG,REG,4,SoFi Stadium,dome,matrixturf,,,1
2020_04_PHI_SF,SF,PHI,REG,4,Levi's® Stadium,outdoors,grass,84.0,12.0,1
2020_04_SEA_MIA,MIA,SEA,REG,4,Hard Rock Stadium,outdoors,grass,86.0,13.0,0
2020_05_ARI_NYJ,NYJ,ARI,REG,5,MetLife Stadium,outdoors,fieldturf,64.0,8.0,0
2020_05_BUF_TEN,TEN,BUF,REG,5,Nissan Stadium,outdoors,grass,73.0,3.0,1
2020_05_CAR_ATL,ATL,CAR,REG,5,Mercedes-Benz Stadium,closed,fieldturf,,,0
2020_05_CIN_BAL,BAL,CIN,REG,5,M&T Bank Stadium,outdoors,grass,69.0,3.0,1
2020_05_IND_CLE,CLE,IND,REG,5,Cleveland Browns Stadium,outdoors,grass,64.0,16.0,1
2020_05_JAX_HOU,HOU,JAX,REG,5,NRG Stadium,closed,grass,,,1
2020_05_LAC_NO,NO,LAC,REG,5,Caesars Superdome,dome,astroturf,,,0
2020_05_LA_WAS,WAS,LA,REG,5,Commanders Field,outdoors,grass,69.0,2.0,0
2020_05_LV_KC,KC,LV,REG,5,GEHA Field at Arrowhead Stadium,outdoors,astroturf,80.0,16.0,0
2020_05_MIA_SF,SF,MIA,REG,5,Levi's® Stadium,outdoors,grass,73.0,6.0,0
2020_05_MIN_SEA,SEA,MIN,REG,5,Lumen Field,outdoors,fieldturf,54.0,10.0,1
2020_05_NYG_DAL,DAL,NYG,REG,5,AT&T Stadium,closed,fieldturf,,,1
2020_05_PHI_PIT,PIT,PHI,REG,5,Acrisure Stadium,outdoors,grass,70.0,4.0,1
2020_05_TB_CHI,CHI,TB,REG,5,Soldier Field,outdoors,grass,57.0,7.0,0
2020_06_ARI_DAL,DAL,ARI,REG,6,AT&T Stadium,closed,fieldturf,,,0
2020_06_ATL_MIN,MIN,ATL,REG,6,U.S. Bank Stadium,dome,sportturf,,,0
2020_06_BAL_PHI,PHI,BAL,REG,6,Lincoln Financial Field,outdoors,grass,61.0,7.0,0
2020_06_CHI_CAR,CAR,CHI,REG,6,Bank of America Stadium,outdoors,grass,63.0,6.0,0
2020_06_CIN_IND,IND,CIN,REG,6,Lucas Oil Stadium,closed,fieldturf,,,0
2020_06_CLE_PIT,PIT,CLE,REG,6,Acrisure Stadium,outdoors,grass,61.0,9.0,1
2020_06_DEN_NE,NE,DEN,REG,6,Gillette Stadium,outdoors,grass,58.0,7.0,0
2020_06_DET_JAX,JAX,DET,REG,6,EverBank Stadium,outdoors,grass,78.0,10.0,0
2020_06_GB_TB,TB,GB,REG,6,Raymond James Stadium,outdoors,grass,88.0,12.0,1
2020_06_HOU_TEN,TEN,HOU,REG,6,Nissan Stadium,outdoors,grass,61.0,10.0,0
2020_06_KC_BUF,BUF,KC,REG,6,Highmark Stadium,outdoors,astroturf,51.0,6.0,0
2020_06_LA_SF,SF,LA,REG,6,Levi's® Stadium,outdoors,grass,86.0,10.0,1
2020_06_NYJ_MIA,MIA,NYJ,REG,6,Hard Rock Stadium,outdoors,grass,85.0,15.0,1
2020_06_WAS_NYG,NYG,WAS,REG,6,MetLife Stadium,outdoors,fieldturf,62.0,0.0,1
2020_07_BUF_NYJ,NYJ,BUF,REG,7,MetLife Stadium,outdoors,fieldturf,52.0,8.0,1
2020_07_CAR_NO,NO,CAR,REG,7,Caesars Superdome,dome,astroturf,,,1
2020_07_CHI_LA,LA,CHI,REG,7,SoFi Stadium,dome,matrixturf,,,1
2020_07_CLE_CIN,CIN,CLE,REG,7,Paycor Stadium,outdoors,grass,48.0,8.0,1
2020_07_DAL_WAS,WAS,DAL,REG,7,Commanders Field,outdoors,grass,46.0,5.0,1
2020_07_DET_ATL,ATL,DET,REG,7,Mercedes-Benz Stadium,closed,fieldturf,,,1
2020_07_GB_HOU,HOU,GB,REG,7,NRG Stadium,closed,grass,,,0
2020_07_JAX_LAC,LAC,JAX,REG,7,SoFi Stadium,dome,matrixturf,,,1
2020_07_KC_DEN,DEN,KC,REG,7,Empower Field at Mile High,outdoors,grass,14.0,11.0,0
2020_07_NYG_PHI,PHI,NYG,REG,7,Lincoln Financial Field,outdoors,grass,70.0,4.0,0
2020_07_PIT_TEN,TEN,PIT,REG,7,Nissan Stadium,outdoors,grass,55.0,3.0,0
2020_07_SEA_ARI,ARI,SEA,REG,7,State Farm Stadium,closed,grass,,,0
2020_07_SF_NE,NE,SF,REG,7,Gillette Stadium,outdoors,grass,49.0,7.0,0
2020_07_TB_LV,LV,TB,REG,7,Allegiant Stadium,dome,grass,,,0
2020_08_ATL_CAR,CAR,ATL,REG,8,Bank of America Stadium,outdoors,grass,76.0,8.0,0
2020_08_DAL_PHI,PHI,DAL,REG,8,Lincoln Financial Field,outdoors,grass,49.0,17.0,0
2020_08_IND_DET,DET,IND,REG,8,Ford Field,dome,fieldturf,,,0
2020_08_LAC_DEN,DEN,LAC,REG,8,Empower Field at Mile High,outdoors,grass,64.0,10.0,0
2020_08_LA_MIA,MIA,LA,REG,8,Hard Rock Stadium,outdoors,grass,86.0,10.0,1
2020_08_LV_CLE,CLE,LV,REG,8,Cleveland Browns Stadium,outdoors,grass,49.0,35.0,0
2020_08_MIN_GB,GB,MIN,REG,8,Lambeau Field,outdoors,grass,34.0,23.0,0
2020_08_NE_BUF,BUF,NE,REG,8,Highmark Stadium,outdoors,astroturf,41.0,17.0,1
2020_08_NO_CHI,CHI,NO,REG,8,Soldier Field,outdoors,grass,40.0,20.0,0
2020_08_NYJ_KC,KC,NYJ,REG,8,GEHA Field at Arrowhead Stadium,outdoors,astroturf,52.0,11.0,1
2020_08_PIT_BAL,BAL,PIT,REG,8,M&T Bank Stadium,outdoors,grass,52.0,7.0,1
2020_08_SF_SEA,SEA,SF,REG,8,Lumen Field,outdoors,fieldturf,55.0,4.0,1
2020_08_TB_NYG,NYG,TB,REG,8,MetLife Stadium,outdoors,fieldturf,39.0,8.0,0
2020_08_TEN_CIN,CIN,TEN,REG,8,Paycor Stadium,outdoors,grass,48.0,24.0,1
2020_09_BAL_IND,IND,BAL,REG,9,Lucas Oil Stadium,closed,fieldturf,,,0
2020_09_CAR_KC,KC,CAR,REG,9,GEHA Field at Arrowhead Stadium,outdoors,astroturf,71.0,19.0,1
2020_09_CHI_TEN,TEN,CHI,REG,9,Nissan Stadium,outdoors,grass,77.0,14.0,1
2020_09_DEN_ATL,ATL,DEN,REG,9,Mercedes-Benz Stadium,closed,fieldturf,,,1
2020_09_DET_MIN,MIN,DET,REG,9,U.S. Bank Stadium,dome,sportturf,,,1
2020_09_GB_SF,SF,GB,REG,9,Levi's® Stadium,outdoors,grass,78.0,5.0,0
2020_09_HOU_JAX,JAX,HOU,REG,9,EverBank Stadium,outdoors,grass,79.0,14.0,0
2020_09_LV_LAC,LAC,LV,REG,9,SoFi Stadium,dome,matrixturf,,,0
2020_09_MIA_ARI,ARI,MIA,REG,9,State Farm Stadium,closed,grass,,,0
2020_09_NE_NYJ,NYJ,NE,REG,9,MetLife Stadium,outdoors,fieldturf,61.0,2.0,1
2020_09_NO_TB,TB,NO,REG,9,Raymond James Stadium,outdoors,grass,77.0,17.0,0
2020_09_NYG_WAS,WAS,NYG,REG,9,Commanders Field,outdoors,grass,75.0,1.0,0
2020_09_PIT_DAL,DAL,PIT,REG,9,AT&T Stadium,closed,fieldturf,,,1
2020_09_SEA_BUF,BUF,SEA,REG,9,Highmark Stadium,outdoors,astroturf,69.0,4.0,1
2020_10_BAL_NE,NE,BAL,REG,10,Gillette Stadium,outdoors,grass,52.0,13.0,1
2020_10_BUF_ARI,ARI,BUF,REG,10,State Farm Stadium,closed,grass,,,0
2020_10_CIN_PIT,PIT,CIN,REG,10,Acrisure Stadium,outdoors,grass,52.0,21.0,1
2020_10_DEN_LV,LV,DEN,REG,10,Allegiant Stadium,dome,grass,,,1
2020_10_HOU_CLE,CLE,HOU,REG,10,Cleveland Browns Stadium,outdoors,grass,59.0,25.0,1
2020_10_IND_TEN,TEN,IND,REG,10,Nissan Stadium,outdoors,grass,56.0,6.0,1
2020_10_JAX_GB,GB,JAX,REG,10,Lambeau Field,outdoors,grass,38.0,23.0,0
2020_10_LAC_MIA,MIA,LAC,REG,10,Hard Rock Stadium,outdoors,grass,83.0,7.0,1
2020_10_MIN_CHI,CHI,MIN,REG,10,Soldier Field,outdoors,grass,44.0,11.0,1
2020_10_PHI_NYG,NYG,PHI,REG,10,MetLife Stadium,outdoors,fieldturf,56.0,18.0,1
2020_10_SEA_LA,LA,SEA,REG,10,SoFi Stadium,dome,matrixturf,,,1
2020_10_SF_NO,NO,SF,REG,10,Caesars Superdome,dome,astroturf,,,1
2020_10_TB_CAR,CAR,TB,REG,10,Bank of America Stadium,outdoors,grass,65.0,15.0,0
2020_10_WAS_DET,DET,WAS,REG,10,Ford Field,dome,fieldturf,,,1
2020_11_ARI_SEA,SEA,ARI,REG,11,Lumen Field,outdoors,fieldturf,48.0,11.0,1
2020_11_ATL_NO,NO,ATL,REG,11,Caesars Superdome,dome,astroturf,,,1
2020_11_CIN_WAS,WAS,CIN,REG,11,Commanders Field,outdoors,grass,57.0,7.0,1
2020_11_DAL_MIN,MIN,DAL,REG,11,U.S. Bank Stadium,dome,sportturf,,,0
2020_11_DET_CAR,CAR,DET,REG,11,Bank of America Stadium,outdoors,grass,65.0,7.0,1
2020_11_GB_IND,IND,GB,REG,11,Lucas Oil Stadium,closed,fieldturf,,,0
2020_11_KC_LV,LV,KC,REG,11,Allegiant Stadium,dome,grass,,,1
2020_11_LA_TB,TB,LA,REG,11,Raymond James Stadium,outdoors,grass,69.0,5.0,0
2020_11_MIA_DEN,DEN,MIA,REG,11,Empower Field at Mile High,outdoors,grass,45.0,7.0,1
2020_11_NE_HOU,HOU,NE,REG,11,NRG Stadium,closed,grass,,,1
2020_11_NYJ_LAC,LAC,NYJ,REG,11,SoFi Stadium,dome,matrixturf,,,1
2020_11_PHI_CLE,CLE,PHI,REG,11,Cleveland Browns Stadium,outdoors,grass,38.0,8.0,1
2020_11_PIT_JAX,JAX,PIT,REG,11,EverBank Stadium,outdoors,grass,72.0,3.0,0
2020_11_TEN_BAL,BAL,TEN,REG,11,M&T Bank Stadium,outdoors,grass,53.0,6.0,1
2020_12_ARI_NE,NE,ARI,REG,12,Gillette Stadium,outdoors,grass,52.0,8.0,1
2020_12_BAL_PIT,PIT,BAL,REG,12,Acrisure Stadium,outdoors,grass,36.0,14.0,1
2020_12_CAR_MIN,MIN,CAR,REG,12,U.S. Bank Stadium,dome,sportturf,,,0
2020_12_CHI_GB,GB,CHI,REG,12,Lambeau Field,outdoors,grass,37.0,13.0,1
2020_12_CLE_JAX,JAX,CLE,REG,12,EverBank Stadium,outdoors,grass,70.0,1.0,0
2020_12_HOU_DET,DET,HOU,REG,12,Ford Field,dome,fieldturf,,,0
2020_12_KC_TB,TB,KC,REG,12,Raymond James Stadium,outdoors,grass,81.0,5.0,0
2020_12_LAC_BUF,BUF,LAC,REG,12,Highmark Stadium,outdoors,astroturf,48.0,7.0,1
2020_12_LV_ATL,ATL,LV,REG,12,Mercedes-Benz Stadium,closed,fieldturf,,,1
2020_12_MIA_NYJ,NYJ,MIA,REG,12,MetLife Stadium,outdoors,fieldturf,54.0,2.0,0
2020_12_NO_DEN,DEN,NO,REG,12,Empower Field at Mile High,outdoors,grass,38.0,6.0,0
2020_12_NYG_CIN,CIN,NYG,REG,12,Paycor Stadium,outdoors,grass,52.0,4.0,0
2020_12_SEA_PHI,PHI,SEA,REG,12,Lincoln Financial Field,outdoors,grass,60.0,16.0,0
2020_12_SF_LA,LA,SF,REG,12,SoFi Stadium,dome,matrixturf,,,0
2020_12_TEN_IND,IND,TEN,REG,12,Lucas Oil Stadium,closed,fieldturf,,,0
2020_12_WAS_DAL,DAL,WAS,REG,12,AT&T Stadium,closed,fieldturf,,,0
2020_13_BUF_SF,SF,BUF,REG,13,State Farm Stadium,closed,grass,,,0
2020_13_CIN_MIA,MIA,CIN,REG,13,Hard Rock Stadium,outdoors,grass,81.0,5.0,1
2020_13_CLE_TEN,TEN,CLE,REG,13,Nissan Stadium,outdoors,grass,52.0,1.0,0
2020_13_DAL_BAL,BAL,DAL,REG,13,M&T Bank Stadium,outdoors,grass,38.0,9.0,1
2020_13_DEN_KC,KC,DEN,REG,13,GEHA Field at Arrowhead Stadium,outdoors,astroturf,41.0,9.0,1
2020_13_DET_CHI,CHI,DET,REG,13,Soldier Field,outdoors,grass,35.0,5.0,1
2020_13_IND_HOU,HOU,IND,REG,13,NRG Stadium,closed,grass,,,0
2020_13_JAX_MIN,MIN,JAX,REG,13,U.S. Bank Stadium,dome,sportturf,,,1
2020_13_LA_ARI,ARI,LA,REG,13,State Farm Stadium,closed,grass,,,0
2020_13_LV_NYJ,NYJ,LV,REG,13,MetLife Stadium,outdoors,fieldturf,39.0,18.0,0
2020_13_NE_LAC,LAC,NE,REG,13,SoFi Stadium,dome,matrixturf,,,0
2020_13_NO_ATL,ATL,NO,REG,13,Mercedes-Benz Stadium,closed,fieldturf,,,0
2020_13_NYG_SEA,SEA,NYG,REG,13,Lumen Field,outdoors,fieldturf,51.0,4.0,0
2020_13_PHI_GB,GB,PHI,REG,13,Lambeau Field,outdoors,grass,34.0,9.0,1
2020_13_WAS_PIT,PIT,WAS,REG,13,Acrisure Stadium,outdoors,grass,34.0,10.0,1
2020_14_ARI_NYG,NYG,ARI,REG,14,MetLife Stadium,outdoors,fieldturf,59.0,15.0,0
2020_14_ATL_LAC,LAC,ATL,REG,14,SoFi Stadium,dome,matrixturf,,,0
2020_14_BAL_CLE,CLE,BAL,REG,14,Cleveland Browns Stadium,outdoors,grass,34.0,18.0,0
2020_14_DAL_CIN,CIN,DAL,REG,14,Paycor Stadium,outdoors,grass,44.0,5.0,0
2020_14_DEN_CAR,CAR,DEN,REG,14,Bank of America Stadium,outdoors,grass,70.0,7.0,0
2020_14_GB_DET,DET,GB,REG,14,Ford Field,dome,fieldturf,,,0
2020_14_HOU_CHI,CHI,HOU,REG,14,Soldier Field,outdoors,grass,34.0,1.0,1
2020_14_IND_LV,LV,IND,REG,14,Allegiant Stadium,dome,grass,,,0
2020_14_KC_MIA,MIA,KC,REG,14,Hard Rock Stadium,outdoors,grass,81.0,8.0,0
2020_14_MIN_TB,TB,MIN,REG,14,Raymond James Stadium,outdoors,grass,78.0,5.0,1
2020_14_NE_LA,LA,NE,REG,14,SoFi Stadium,dome,matrixturf,,,1
2020_14_NO_PHI,PHI,NO,REG,14,Lincoln Financial Field,outdoors,grass,57.0,10.0,1
2020_14_NYJ_SEA,SEA,NYJ,REG,14,Lumen Field,outdoors,fieldturf,43.0,8.0,1
2020_14_PIT_BUF,BUF,PIT,REG,14,Highmark Stadium,outdoors,astroturf,35.0,11.0,1
2020_14_TEN_JAX,JAX,TEN,REG,14,EverBank Stadium,outdoors,grass,69.0,2.0,0
2020_14_WAS_SF,SF,WAS,REG,14,State Farm Stadium,closed,grass,,,0
2020_15_BUF_DEN,DEN,BUF,REG,15,Empower Field at Mile High,outdoors,grass,47.0,24.0,0
2020_15_CAR_GB,GB,CAR,REG,15,Lambeau Field,outdoors,grass,33.0,5.0,1
2020_15_CHI_MIN,MIN,CHI,REG,15,U.S. Bank Stadium,dome,sportturf,,,0
2020_15_CLE_NYG,NYG,CLE,REG,15,MetLife Stadium,outdoors,fieldturf,36.0,0.0,0
2020_15_DET_TEN,TEN,DET,REG,15,Nissan Stadium,outdoors,grass,46.0,5.0,1
2020_15_HOU_IND,IND,HOU,REG,15,Lucas Oil Stadium,closed,fieldturf,,,1
2020_15_JAX_BAL,BAL,JAX,REG,15,M&T Bank Stadium,outdoors,grass,39.0,3.0,1
2020_15_KC_NO,NO,KC,REG,15,Caesars Superdome,dome,astroturf,,,0
2020_15_LAC_LV,LV,LAC,REG,15,Allegiant Stadium,dome,grass,,,0
2020_15_NE_MIA,MIA,NE,REG,15,Hard Rock Stadium,outdoors,grass,79.0,9.0,0
2020_15_NYJ_LA,LA,NYJ,REG,15,SoFi Stadium,dome,matrixturf,,,0
2020_15_PHI_ARI,ARI,PHI,REG,15,State Farm Stadium,closed,grass,,,1
2020_15_PIT_CIN,CIN,PIT,REG,15,Paycor Stadium,outdoors,grass,43.0,10.0,1
2020_15_SEA_WAS,WAS,SEA,REG,15,Commanders Field,outdoors,grass,43.0,8.0,0
2020_15_SF_DAL,DAL,SF,REG,15,AT&T Stadium,closed,fieldturf,,,0
2020_15_TB_ATL,ATL,TB,REG,15,Mercedes-Benz Stadium,closed,fieldturf,,,1
2020_16_ATL_KC,KC,ATL,REG,16,GEHA Field at Arrowhead Stadium,outdoors,astroturf,49.0,8.0,0
2020_16_BUF_NE,NE,BUF,REG,16,Gillette Stadium,outdoors,grass,41.0,4.0,0
2020_16_CAR_WAS,WAS,CAR,REG,16,Commanders Field,outdoors,grass,41.0,6.0,0
2020_16_CHI_JAX,JAX,CHI,REG,16,EverBank Stadium,outdoors,grass,55.0,5.0,0
2020_16_CIN_HOU,HOU,CIN,REG,16,NRG Stadium,closed,grass,,,0
2020_16_CLE_NYJ,NYJ,CLE,REG,16,MetLife Stadium,outdoors,fieldturf,37.0,5.0,1
2020_16_DEN_LAC,LAC,DEN,REG,16,SoFi Stadium,dome,matrixturf,,,1
2020_16_IND_PIT,PIT,IND,REG,16,Acrisure Stadium,outdoors,grass,37.0,6.0,0
2020_16_LA_SEA,SEA,LA,REG,16,Lumen Field,outdoors,fieldturf,45.0,2.0,1
2020_16_MIA_LV,LV,MIA,REG,16,Allegiant Stadium,dome,grass,,,1
2020_16_MIN_NO,NO,MIN,REG,16,Caesars Superdome,dome,astroturf,,,1
2020_16_NYG_BAL,BAL,NYG,REG,16,M&T Bank Stadium,outdoors,grass,38.0,3.0,1
2020_16_PHI_DAL,DAL,PHI,REG,16,AT&T Stadium,closed,fieldturf,,,1
2020_16_SF_ARI,ARI,SF,REG,16,State Farm Stadium,closed,grass,,,0
2020_16_TB_DET,DET,TB,REG,16,Ford Field,dome,fieldturf,,,0
2020_16_TEN_GB,GB,TEN,REG,16,Lambeau Field,outdoors,grass,28.0,15.0,1
2020_17_ARI_LA,LA,ARI,REG,17,SoFi Stadium,dome,matrixturf,,,1
2020_17_ATL_TB,TB,ATL,REG,17,Raymond James Stadium,outdoors,grass,65.0,4.0,1
2020_17_BAL_CIN,CIN,BAL,REG,17,Paycor Stadium,outdoors,grass,39.0,10.0,0
2020_17_DAL_NYG,NYG,DAL,REG,17,MetLife Stadium,outdoors,fieldturf,33.0,6.0,1
2020_17_GB_CHI,CHI,GB,REG,17,Soldier Field,outdoors,grass,32.0,7.0,0
2020_17_JAX_IND,IND,JAX,REG,17,Lucas Oil Stadium,closed,fieldturf,,,1
2020_17_LAC_KC,KC,LAC,REG,17,GEHA Field at Arrowhead Stadium,outdoors,astroturf,35.0,6.0,0
2020_17_LV_DEN,DEN,LV,REG,17,Empower Field at Mile High,outdoors,grass,53.0,10.0,0
2020_17_MIA_BUF,BUF,MIA,REG,17,Highmark Stadium,outdoors,astroturf,35.0,1.0,1
2020_17_MIN_DET,DET,MIN,REG,17,Ford Field,dome,fieldturf,,,0
2020_17_NO_CAR,CAR,NO,REG,17,Bank of America Stadium,outdoors,grass,57.0,2.0,0
2020_17_NYJ_NE,NE,NYJ,REG,17,Gillette Stadium,outdoors,grass,33.0,5.0,0
2020_17_PIT_CLE,CLE,PIT,REG,17,Cleveland Browns Stadium,outdoors,grass,38.0,7.0,1
2020_17_SEA_SF,SF,SEA,REG,17,State Farm Stadium,closed,grass,,,1
2020_17_TEN_HOU,HOU,TEN,REG,17,NRG Stadium,closed,grass,,,0
2020_17_WAS_PHI,PHI,WAS,REG,17,Lincoln Financial Field,outdoors,grass,38.0,10.0,0
2020_18_BAL_TEN,TEN,BAL,POST,18,Nissan Stadium,outdoors,grass,33.0,1.0,0
2020_18_CHI_NO,NO,CHI,POST,18,Caesars Superdome,dome,astroturf,,,1
2020_18_CLE_PIT,PIT,CLE,POST,18,Acrisure Stadium,outdoors,grass,34.0,1.0,0
2020_18_IND_BUF,BUF,IND,POST,18,Highmark Stadium,outdoors,astroturf,34.0,6.0,1
2020_18_LA_SEA,SEA,LA,POST,18,Lumen Field,outdoors,fieldturf,39.0,1.0,0
2020_18_TB_WAS,WAS,TB,POST,18,Commanders Field,outdoors,grass,40.0,10.0,0
2020_19_BAL_BUF,BUF,BAL,POST,19,Highmark Stadium,outdoors,astroturf,34.0,13.0,1
2020_19_CLE_KC,KC,CLE,POST,19,GEHA Field at Arrowhead Stadium,outdoors,astroturf,40.0,13.0,1
2020_19_LA_GB,GB,LA,POST,19,Lambeau Field,outdoors,grass,35.0,13.0,1
2020_19_TB_NO,NO,TB,POST,19,Caesars Superdome,dome,astroturf,,,1
2020_20_BUF_KC,KC,BUF,POST,20,GEHA Field at Arrowhead Stadium,outdoors,astroturf,40.0,7.0,1
2020_20_TB_GB,GB,TB,POST,20,Lambeau Field,outdoors,grass,29.0,10.0,0
2020_21_KC_TB,TB,KC,POST,21,Raymond James Stadium,outdoors,grass,63.0,9.0,1
2021_01_ARI_TEN,TEN,ARI,REG,1,Nissan Stadium,outdoors,grass ,82.0,8.0,0
2021_01_BAL_LV,LV,BAL,REG,1,Allegiant Stadium,dome,grass,,,0
2021_01_CHI_LA,LA,CHI,REG,1,SoFi Stadium,dome,matrixturf,,,1
2021_01_CLE_KC,KC,CLE,REG,1,GEHA Field at Arrowhead Stadium,outdoors,grass ,88.0,8.0,0
2021_01_DAL_TB,TB,DAL,REG,1,Raymond James Stadium,outdoors,grass ,82.0,9.0,1
2021_01_DEN_NYG,NYG,DEN,REG,1,MetLife Stadium,outdoors,fieldturf,82.0,19.0,0
2021_01_GB_NO,NO,GB,REG,1,EverBank Stadium,outdoors,grass ,86.0,9.0,1
2021_01_JAX_HOU,HOU,JAX,REG,1,NRG Stadium,closed,astroturf,,,1
2021_01_LAC_WAS,WAS,LAC,REG,1,Commanders Field,outdoors,grass ,81.0,4.0,1
2021_01_MIA_NE,NE,MIA,REG,1,Gillette Stadium,outdoors,fieldturf,81.0,15.0,0
2021_01_MIN_CIN,CIN,MIN,REG,1,Paycor Stadium,outdoors,fieldturf,81.0,15.0,1
2021_01_NYJ_CAR,CAR,NYJ,REG,1,Bank of America Stadium,outdoors,grass ,81.0,0.0,1
2021_01_PHI_ATL,ATL,PHI,REG,1,Mercedes-Benz Stadium,open,fieldturf,,,0
2021_01_PIT_BUF,BUF,PIT,REG,1,Highmark Stadium,outdoors,a_turf,73.0,17.0,1
2021_01_SEA_IND,IND,SEA,REG,1,Lucas Oil Stadium,closed,fieldturf,,,0
2021_01_SF_DET,DET,SF,REG,1,Ford Field,dome,fieldturf,,,0
2021_02_ATL_TB,TB,ATL,REG,2,Raymond James Stadium,outdoors,grass ,85.0,0.0,1
2021_02_BUF_MIA,MIA,BUF,REG,2,Hard Rock Stadium,outdoors,grass ,89.0,7.0,0
2021_02_CIN_CHI,CHI,CIN,REG,2,Soldier Field,outdoors,grass ,80.0,0.0,1
2021_02_DAL_LAC,LAC,DAL,REG,2,SoFi Stadium,dome,matrixturf,,,0
2021_02_DEN_JAX,JAX,DEN,REG,2,EverBank Stadium,outdoors,grass ,80.0,7.0,0
2021_02_DET_GB,GB,DET,REG,2,Lambeau Field,outdoors,grass ,73.0,12.0,1
2021_02_HOU_CLE,CLE,HOU,REG,2,Cleveland Browns Stadium,outdoors,grass ,75.0,12.0,1
2021_02_KC_BAL,BAL,KC,REG,2,M&T Bank Stadium,outdoors,grass,82.0,8.0,0
2021_02_LA_IND,IND,LA,REG,2,Lucas Oil Stadium,closed,fieldturf,,,0
2021_02_LV_PIT,PIT,LV,REG,2,Acrisure Stadium,outdoors,grass ,77.0,4.0,0
2021_02_MIN_ARI,ARI,MIN,REG,2,State Farm Stadium,closed,grass ,,,1
2021_02_NE_NYJ,NYJ,NE,REG,2,MetLife Stadium,outdoors,fieldturf,72.0,13.0,0
2021_02_NO_CAR,CAR,NO,REG,2,Bank of America Stadium,outdoors,grass ,83.0,4.0,1
2021_02_NYG_WAS,WAS,NYG,REG,2,Commanders Field,outdoors,grass ,71.0,0.0,0
2021_02_SF_PHI,PHI,SF,REG,2,Lincoln Financial Field,outdoors,grass ,76.0,13.0,0
2021_02_TEN_SEA,SEA,TEN,REG,2,Lumen Field,outdoors,fieldturf,62.0,14.0,1
2021_03_ARI_JAX,JAX,ARI,REG,3,EverBank Stadium,outdoors,grass ,81.0,4.0,1
2021_03_ATL_NYG,NYG,ATL,REG,3,MetLife Stadium,outdoors,fieldturf,69.0,13.0,0
2021_03_BAL_DET,DET,BAL,REG,3,Ford Field,dome,fieldturf,,,0
2021_03_CAR_HOU,HOU,CAR,REG,3,NRG Stadium,closed,astroturf,,,0
2021_03_CHI_CLE,CLE,CHI,REG,3,Cleveland Browns Stadium,outdoors,grass ,70.0,22.0,1
2021_03_CIN_PIT,PIT,CIN,REG,3,Acrisure Stadium,outdoors,grass ,67.0,9.0,0
2021_03_GB_SF,SF,GB,REG,3,Levi's® Stadium,outdoors,grass,69.0,15.0,0
2021_03_IND_TEN,TEN,IND,REG,3,Nissan Stadium,outdoors,grass ,72.0,4.0,1
2021_03_LAC_KC,KC,LAC,REG,3,GEHA Field at Arrowhead Stadium,outdoors,grass ,81.0,19.0,1
2021_03_MIA_LV,LV,MIA,REG,3,Allegiant Stadium,dome,grass,,,1
2021_03_NO_NE,NE,NO,REG,3,Gillette Stadium,outdoors,fieldturf,73.0,11.0,0
2021_03_NYJ_DEN,DEN,NYJ,REG,3,Empower Field at Mile High,outdoors,grass ,82.0,6.0,1
2021_03_PHI_DAL,DAL,PHI,REG,3,AT&T Stadium,open,matrixturf,,,1
2021_03_SEA_MIN,MIN,SEA,REG,3,U.S. Bank Stadium,dome,sportturf,,,1
2021_03_TB_LA,LA,TB,REG,3,SoFi Stadium,dome,matrixturf,,,1
2021_03_WAS_BUF,BUF,WAS,REG,3,Highmark Stadium,outdoors,a_turf,67.0,21.0,1
2021_04_ARI_LA,LA,ARI,REG,4,SoFi Stadium,dome,matrixturf,,,0
2021_04_BAL_DEN,DEN,BAL,REG,4,Empower Field at Mile High,outdoors,grass ,77.0,11.0,0
2021_04_CAR_DAL,DAL,CAR,REG,4,AT&T Stadium,closed,matrixturf,,,1
2021_04_CLE_MIN,MIN,CLE,REG,4,U.S. Bank Stadium,dome,sportturf,,,0
2021_04_DET_CHI,CHI,DET,REG,4,Soldier Field,outdoors,grass ,72.0,4.0,1
2021_04_HOU_BUF,BUF,HOU,REG,4,Highmark Stadium,outdoors,a_turf,67.0,12.0,1
2021_04_IND_MIA,MIA,IND,REG,4,Hard Rock Stadium,outdoors,grass ,85.0,16.0,0
2021_04_JAX_CIN,CIN,JAX,REG,4,Paycor Stadium,outdoors,fieldturf,65.0,0.0,0
2021_04_KC_PHI,PHI,KC,REG,4,Lincoln Financial Field,outdoors,grass ,73.0,8.0,0
2021_04_LV_LAC,LAC,LV,REG,4,SoFi Stadium,dome,matrixturf,,,1
2021_04_NYG_NO,NO,NYG,REG,4,Caesars Superdome,dome,sportturf,,,1
2021_04_PIT_GB,GB,PIT,REG,4,Lambeau Field,outdoors,grass ,67.0,4.0,1
2021_04_SEA_SF,SF,SEA,REG,4,Levi's® Stadium,outdoors,grass,80.0,0.0,0
2021_04_TB_NE,NE,TB,REG,4,Gillette Stadium,outdoors,fieldturf,62.0,4.0,0
2021_04_TEN_NYJ,NYJ,TEN,REG,4,MetLife Stadium,outdoors,fieldturf,78.0,9.0,1
2021_04_WAS_ATL,ATL,WAS,REG,4,Mercedes-Benz Stadium,open,fieldturf,,,1
2021_05_BUF_KC,KC,BUF,REG,5,GEHA Field at Arrowhead Stadium,outdoors,grass ,76.0,0.0,0
2021_05_CHI_LV,LV,CHI,REG,5,Allegiant Stadium,dome,grass,,,0
2021_05_CLE_LAC,LAC,CLE,REG,5,SoFi Stadium,dome,matrixturf,,,0
2021_05_DEN_PIT,PIT,DEN,REG,5,Acrisure Stadium,outdoors,grass ,71.0,9.0,1
2021_05_DET_MIN,MIN,DET,REG,5,U.S. Bank Stadium,dome,sportturf,,,1
2021_05_GB_CIN,CIN,GB,REG,5,Paycor Stadium,outdoors,fieldturf,76.0,12.0,0
2021_05_IND_BAL,BAL,IND,REG,5,M&T Bank Stadium,outdoors,grass,69.0,6.0,0
2021_05_LA_SEA,SEA,LA,REG,5,Lumen Field,outdoors,fieldturf,56.0,8.0,0
2021_05_MIA_TB,TB,MIA,REG,5,Raymond James Stadium,outdoors,grass ,84.0,7.0,1
2021_05_NE_HOU,HOU,NE,REG,5,NRG Stadium,closed,astroturf,,,1
2021_05_NO_WAS,WAS,NO,REG,5,Commanders Field,outdoors,grass ,70.0,12.0,0
2021_05_NYG_DAL,DAL,NYG,REG,5,AT&T Stadium,closed,matrixturf,,,1
2021_05_NYJ_ATL,ATL,NYJ,REG,5,Tottenham Hotspur Stadium,outdoors,grass,63.0,8.0,1
2021_05_PHI_CAR,CAR,PHI,REG,5,Bank of America Stadium,outdoors,grass ,76.0,13.0,1
2021_05_SF_ARI,ARI,SF,REG,5,State Farm Stadium,closed,grass ,,,1
2021_05_TEN_JAX,JAX,TEN,REG,5,EverBank Stadium,outdoors,grass ,78.0,11.0,0
2021_06_ARI_CLE,CLE,ARI,REG,6,Cleveland Browns Stadium,outdoors,grass ,58.0,23.0,0
2021_06_BUF_TEN,TEN,BUF,REG,6,Nissan Stadium,outdoors,grass ,66.0,6.0,1
2021_06_CIN_DET,DET,CIN,REG,6,Ford Field,dome,fieldturf,,,0
2021_06_DAL_NE,NE,DAL,REG,6,Gillette Stadium,outdoors,fieldturf,62.0,11.0,0
2021_06_GB_CHI,CHI,GB,REG,6,Soldier Field,outdoors,grass ,59.0,6.0,0
2021_06_HOU_IND,IND,HOU,REG,6,Lucas Oil Stadium,open,fieldturf,,,1
2021_06_KC_WAS,WAS,KC,REG,6,Commanders Field,outdoors,grass ,62.0,13.0,1
2021_06_LAC_BAL,BAL,LAC,REG,6,M&T Bank Stadium,outdoors,grass,63.0,15.0,1
2021_06_LA_NYG,NYG,LA,REG,6,MetLife Stadium,outdoors,fieldturf,61.0,13.0,0
2021_06_LV_DEN,DEN,LV,REG,6,Empower Field at Mile High,outdoors,grass ,76.0,8.0,0
2021_06_MIA_JAX,JAX,MIA,REG,6,Tottenham Hotspur Stadium,outdoors,grass,63.0,11.0,1
2021_06_MIN_CAR,CAR,MIN,REG,6,Bank of America Stadium,outdoors,grass ,62.0,7.0,0
2021_06_SEA_PIT,PIT,SEA,REG,6,Acrisure Stadium,outdoors,grass ,49.0,6.0,1
2021_06_TB_PHI,PHI,TB,REG,6,Lincoln Financial Field,outdoors,grass ,74.0,8.0,0
2021_07_ATL_MIA,MIA,ATL,REG,7,Hard Rock Stadium,outdoors,grass ,85.0,9.0,0
2021_07_CAR_NYG,NYG,CAR,REG,7,MetLife Stadium,outdoors,fieldturf,57.0,0.0,1
2021_07_CHI_TB,TB,CHI,REG,7,Raymond James Stadium,outdoors,grass ,83.0,7.0,1
2021_07_CIN_BAL,BAL,CIN,REG,7,M&T Bank Stadium,outdoors,grass,61.0,6.0,0
2021_07_DEN_CLE,CLE,DEN,REG,7,Cleveland Browns Stadium,outdoors,grass ,59.0,27.0,1
2021_07_DET_LA,LA,DET,REG,7,SoFi Stadium,dome,matrixturf,,,1
2021_07_HOU_ARI,ARI,HOU,REG,7,State Farm Stadium,closed,grass ,,,1
2021_07_IND_SF,SF,IND,REG,7,Levi's® Stadium,outdoors,grass,64.0,16.0,0
2021_07_KC_TEN,TEN,KC,REG,7,Nissan Stadium,outdoors,grass ,74.0,14.0,1
2021_07_NO_SEA,SEA,NO,REG,7,Lumen Field,outdoors,fieldturf,54.0,16.0,0
2021_07_NYJ_NE,NE,NYJ,REG,7,Gillette Stadium,outdoors,fieldturf,52.0,0.0,1
2021_07_PHI_LV,LV,PHI,REG,7,Allegiant Stadium,dome,grass,,,1
2021_07_WAS_GB,GB,WAS,REG,7,Lambeau Field,outdoors,grass ,49.0,11.0,1
2021_08_CAR_ATL,ATL,CAR,REG,8,Mercedes-Benz Stadium,open,fieldturf,,,0
2021_08_CIN_NYJ,NYJ,CIN,REG,8,MetLife Stadium,outdoors,fieldturf,63.0,11.0,0
2021_08_DAL_MIN,MIN,DAL,REG,8,U.S. Bank Stadium,dome,sportturf,,,1
2021_08_GB_ARI,ARI,GB,REG,8,State Farm Stadium,open,grass ,,,0
2021_08_JAX_SEA,SEA,JAX,REG,8,Lumen Field,outdoors,fieldturf,54.0,8.0,1
2021_08_LA_HOU,HOU,LA,REG,8,NRG Stadium,closed,astroturf,,,0
2021_08_MIA_BUF,BUF,MIA,REG,8,Highmark Stadium,outdoors,a_turf,54.0,9.0,1
2021_08_NE_LAC,LAC,NE,REG,8,SoFi Stadium,dome,matrixturf,,,0
2021_08_NYG_KC,KC,NYG,REG,8,GEHA Field at Arrowhead Stadium,outdoors,grass ,39.0,4.0,1
2021_08_PHI_DET,DET,PHI,REG,8,Ford Field,dome,fieldturf,,,0
2021_08_PIT_CLE,CLE,PIT,REG,8,Cleveland Browns Stadium,outdoors,grass ,57.0,13.0,1
2021_08_SF_CHI,CHI,SF,REG,8,Soldier Field,outdoors,grass ,53.0,12.0,1
2021_08_TB_NO,NO,TB,REG,8,Caesars Superdome,dome,sportturf,,,1
2021_08_TEN_IND,IND,TEN,REG,8,Lucas Oil Stadium,open,fieldturf,,,0
2021_08_WAS_DEN,DEN,WAS,REG,8,Empower Field at Mile High,outdoors,grass ,41.0,4.0,1
2021_09_ARI_SF,SF,ARI,REG,9,Levi's® Stadium,outdoors,grass,57.0,8.0,0
2021_09_ATL_NO,NO,ATL,REG,9,Caesars Superdome,dome,sportturf,,,0
2021_09_BUF_JAX,JAX,BUF,REG,9,EverBank Stadium,outdoors,grass ,59.0,16.0,0
2021_09_CHI_PIT,PIT,CHI,REG,9,Acrisure Stadium,outdoors,grass ,55.0,7.0,1
2021_09_CLE_CIN,CIN,CLE,REG,9,Paycor Stadium,outdoors,fieldturf,56.0,0.0,0
2021_09_DEN_DAL,DAL,DEN,REG,9,AT&T Stadium,closed,matrixturf,,,0
2021_09_GB_KC,KC,GB,REG,9,GEHA Field at Arrowhead Stadium,outdoors,grass ,51.0,12.0,1
2021_09_HOU_MIA,MIA,HOU,REG,9,Hard Rock Stadium,outdoors,grass ,72.0,19.0,1
2021_09_LAC_PHI,PHI,LAC,REG,9,Lincoln Financial Field,outdoors,grass ,54.0,11.0,0
2021_09_LV_NYG,NYG,LV,REG,9,MetLife Stadium,outdoors,fieldturf,54.0,4.0,1
2021_09_MIN_BAL,BAL,MIN,REG,9,M&T Bank Stadium,outdoors,grass,56.0,8.0,0
2021_09_NE_CAR,CAR,NE,REG,9,Bank of America Stadium,outdoors,grass ,61.0,16.0,0
2021_09_NYJ_IND,IND,NYJ,REG,9,Lucas Oil Stadium,closed,fieldturf,,,1
2021_09_TEN_LA,LA,TEN,REG,9,SoFi Stadium,dome,matrixturf,,,0
2021_10_ATL_DAL,DAL,ATL,REG,10,AT&T Stadium,closed,matrixturf,,,1
2021_10_BAL_MIA,MIA,BAL,REG,10,Hard Rock Stadium,outdoors,grass ,77.0,4.0,1
2021_10_BUF_NYJ,NYJ,BUF,REG,10,MetLife Stadium,outdoors,fieldturf,47.0,4.0,0
2021_10_CAR_ARI,ARI,CAR,REG,10,State Farm Stadium,closed,grass ,,,0
2021_10_CLE_NE,NE,CLE,REG,10,Gillette Stadium,outdoors,fieldturf,48.0,6.0,1
2021_10_DET_PIT,PIT,DET,REG,10,Acrisure Stadium,outdoors,grass ,37.0,12.0,0
2021_10_JAX_IND,IND,JAX,REG,10,Lucas Oil Stadium,closed,fieldturf,,,1
2021_10_KC_LV,LV,KC,REG,10,Allegiant Stadium,dome,grass,,,0
2021_10_LA_SF,SF,LA,REG,10,Levi's® Stadium,outdoors,grass,59.0,0.0,1
2021_10_MIN_LAC,LAC,MIN,REG,10,SoFi Stadium,dome,matrixturf,,,1
2021_10_NO_TEN,TEN,NO,REG,10,Nissan Stadium,outdoors,grass ,53.0,12.0,1
2021_10_PHI_DEN,DEN,PHI,REG,10,Empower Field at Mile High,outdoors,grass ,57.0,19.0,0
2021_10_SEA_GB,GB,SEA,REG,10,Lambeau Field,outdoors,grass ,35.0,11.0,1
2021_10_TB_WAS,WAS,TB,REG,10,Commanders Field,outdoors,grass ,47.0,8.0,1
2021_11_ARI_SEA,SEA,ARI,REG,11,Lumen Field,outdoors,fieldturf,46.0,0.0,0
2021_11_BAL_CHI,CHI,BAL,REG,11,Soldier Field,outdoors,grass ,46.0,9.0,1
2021_11_CIN_LV,LV,CIN,REG,11,Allegiant Stadium,dome,grass,,,0
2021_11_DAL_KC,KC,DAL,REG,11,GEHA Field at Arrowhead Stadium,outdoors,grass ,57.0,17.0,1
2021_11_DET_CLE,CLE,DET,REG,11,Cleveland Browns Stadium,outdoors,grass ,42.0,7.0,1
2021_11_GB_MIN,MIN,GB,REG,11,U.S. Bank Stadium,dome,sportturf,,,1
2021_11_HOU_TEN,TEN,HOU,REG,11,Nissan Stadium,outdoors,grass ,59.0,8.0,0
2021_11_IND_BUF,BUF,IND,REG,11,Highmark Stadium,outdoors,a_turf,49.0,12.0,0
2021_11_MIA_NYJ,NYJ,MIA,REG,11,MetLife Stadium,outdoors,fieldturf,52.0,4.0,0
2021_11_NE_ATL,ATL,NE,REG,11,Mercedes-Benz Stadium,closed,fieldturf,,,0
2021_11_NO_PHI,PHI,NO,REG,11,Lincoln Financial Field,outdoors,grass ,51.0,4.0,1
2021_11_NYG_TB,TB,NYG,REG,11,Raymond James Stadium,outdoors,grass ,68.0,6.0,1
2021_11_PIT_LAC,LAC,PIT,REG,11,SoFi Stadium,dome,matrixturf,,,1
2021_11_SF_JAX,JAX,SF,REG,11,EverBank Stadium,outdoors,grass ,68.0,17.0,0
2021_11_WAS_CAR,CAR,WAS,REG,11,Bank of America Stadium,outdoors,grass ,54.0,0.0,0
2021_12_ATL_JAX,JAX,ATL,REG,12,EverBank Stadium,outdoors,grass ,61.0,4.0,0
2021_12_BUF_NO,NO,BUF,REG,12,Caesars Superdome,dome,sportturf,,,0
2021_12_CAR_MIA,MIA,CAR,REG,12,Hard Rock Stadium,outdoors,grass ,74.0,4.0,1
2021_12_CHI_DET,DET,CHI,REG,12,Ford Field,dome,fieldturf,,,0
2021_12_CLE_BAL,BAL,CLE,REG,12,M&T Bank Stadium,outdoors,grass,43.0,0.0,1
2021_12_LAC_DEN,DEN,LAC,REG,12,Empower Field at Mile High,outdoors,grass ,62.0,0.0,1
2021_12_LA_GB,GB,LA,REG,12,Lambeau Field,outdoors,grass ,37.0,14.0,1
2021_12_LV_DAL,DAL,LV,REG,12,AT&T Stadium,closed,matrixturf,,,0
2021_12_MIN_SF,SF,MIN,REG,12,Levi's® Stadium,outdoors,grass,68.0,7.0,1
2021_12_NYJ_HOU,HOU,NYJ,REG,12,NRG Stadium,closed,astroturf,,,0
2021_12_PHI_NYG,NYG,PHI,REG,12,MetLife Stadium,outdoors,fieldturf,39.0,4.0,1
2021_12_PIT_CIN,CIN,PIT,REG,12,Paycor Stadium,outdoors,fieldturf,43.0,12.0,1
2021_12_SEA_WAS,WAS,SEA,REG,12,Commanders Field,outdoors,grass ,41.0,9.0,1
2021_12_TB_IND,IND,TB,REG,12,Lucas Oil Stadium,closed,fieldturf,,,1
2021_12_TEN_NE,NE,TEN,REG,12,Gillette Stadium,outdoors,fieldturf,33.0,6.0,1
2021_13_ARI_CHI,CHI,ARI,REG,13,Soldier Field,outdoors,grass ,34.0,8.0,0
2021_13_BAL_PIT,PIT,BAL,REG,13,Acrisure Stadium,outdoors,grass ,50.0,7.0,0
2021_13_DAL_NO,NO,DAL,REG,13,Caesars Superdome,dome,sportturf,,,0
2021_13_DEN_KC,KC,DEN,REG,13,GEHA Field at Arrowhead Stadium,outdoors,grass ,58.0,22.0,1
2021_13_IND_HOU,HOU,IND,REG,13,NRG Stadium,closed,astroturf,,,0
2021_13_JAX_LA,LA,JAX,REG,13,SoFi Stadium,dome,matrixturf,,,1
2021_13_LAC_CIN,CIN,LAC,REG,13,Paycor Stadium,outdoors,fieldturf,48.0,11.0,0
2021_13_MIN_DET,DET,MIN,REG,13,Ford Field,dome,fieldturf,,,1
2021_13_NE_BUF,BUF,NE,REG,13,Highmark Stadium,outdoors,a_turf,36.0,27.0,0
2021_13_NYG_MIA,MIA,NYG,REG,13,Hard Rock Stadium,outdoors,grass ,80.0,11.0,1
2021_13_PHI_NYJ,NYJ,PHI,REG,13,MetLife Stadium,outdoors,fieldturf,45.0,0.0,0
2021_13_SF_SEA,SEA,SF,REG,13,Lumen Field,outdoors,fieldturf,41.0,4.0,0
2021_13_TB_ATL,ATL,TB,REG,13,Mercedes-Benz Stadium,closed,fieldturf,,,0
2021_13_WAS_LV,LV,WAS,REG,13,Allegiant Stadium,dome,grass,,,0
2021_14_ATL_CAR,CAR,ATL,REG,14,Bank of America Stadium,outdoors,grass ,48.0,9.0,0
2021_14_BAL_CLE,CLE,BAL,REG,14,Cleveland Browns Stadium,outdoors,grass ,46.0,14.0,1
2021_14_BUF_TB,TB,BUF,REG,14,Raymond James Stadium,outdoors,grass ,82.0,4.0,1
2021_14_CHI_GB,GB,CHI,REG,14,Lambeau Field,outdoors,grass ,36.0,8.0,1
2021_14_DAL_WAS,WAS,DAL,REG,14,Commanders Field,outdoors,grass ,48.0,17.0,0
2021_14_DET_DEN,DEN,DET,REG,14,Empower Field at Mile High,outdoors,grass ,63.0,8.0,1
2021_14_JAX_TEN,TEN,JAX,REG,14,Nissan Stadium,outdoors,grass ,45.0,0.0,1
2021_14_LA_ARI,ARI,LA,REG,14,State Farm Stadium,open,grass ,,,0
2021_14_LV_KC,KC,LV,REG,14,GEHA Field at Arrowhead Stadium,outdoors,grass ,47.0,19.0,1
2021_14_NO_NYJ,NYJ,NO,REG,14,MetLife Stadium,outdoors,fieldturf,46.0,13.0,0
2021_14_NYG_LAC,LAC,NYG,REG,14,SoFi Stadium,dome,matrixturf,,,1
2021_14_PIT_MIN,MIN,PIT,REG,14,U.S. Bank Stadium,dome,sportturf,,,1
2021_14_SEA_HOU,HOU,SEA,REG,14,NRG Stadium,open,astroturf,,,0
2021_14_SF_CIN,CIN,SF,REG,14,Paycor Stadium,outdoors,fieldturf,48.0,9.0,0
2021_15_ARI_DET,DET,ARI,REG,15,Ford Field,dome,fieldturf,,,1
2021_15_ATL_SF,SF,ATL,REG,15,Levi's® Stadium,outdoors,grass,46.0,0.0,1
2021_15_CAR_BUF,BUF,CAR,REG,15,Highmark Stadium,outdoors,a_turf,30.0,8.0,1
2021_15_CIN_DEN,DEN,CIN,REG,15,Empower Field at Mile High,outdoors,grass,61.0,19.0,0
2021_15_DAL_NYG,NYG,DAL,REG,15,MetLife Stadium,outdoors,fieldturf,37.0,8.0,0
2021_15_GB_BAL,BAL,GB,REG,15,M&T Bank Stadium,outdoors,grass,43.0,11.0,0
2021_15_HOU_JAX,JAX,HOU,REG,15,EverBank Stadium,outdoors,grass,80.0,12.0,0
2021_15_KC_LAC,LAC,KC,REG,15,SoFi Stadium,dome,matrixturf,,,1
2021_15_LV_CLE,CLE,LV,REG,15,Cleveland Browns Stadium,outdoors,grass,40.0,8.0,0
2021_15_MIN_CHI,CHI,MIN,REG,15,Soldier Field,outdoors,grass,37.0,8.0,0
2021_15_NE_IND,IND,NE,REG,15,Lucas Oil Stadium,closed,fieldturf,,,1
2021_15_NO_TB,TB,NO,REG,15,Raymond James Stadium,outdoors,grass,75.0,0.0,0
2021_15_NYJ_MIA,MIA,NYJ,REG,15,Hard Rock Stadium,outdoors,grass,82.0,9.0,0
2021_15_SEA_LA,LA,SEA,REG,15,SoFi Stadium,dome,matrixturf,,,0
2021_15_TEN_PIT,PIT,TEN,REG,15,Acrisure Stadium,outdoors,grass,32.0,11.0,0
2021_15_WAS_PHI,PHI,WAS,REG,15,Lincoln Financial Field,outdoors,grass,42.0,7.0,1
2021_16_BAL_CIN,CIN,BAL,REG,16,Paycor Stadium,outdoors,fieldturf,52.0,0.0,1
2021_16_BUF_NE,NE,BUF,REG,16,Gillette Stadium,outdoors,fieldturf,38.0,13.0,0
2021_16_CHI_SEA,SEA,CHI,REG,16,Lumen Field,outdoors,fieldturf,25.0,11.0,1
2021_16_CLE_GB,GB,CLE,REG,16,Lambeau Field,outdoors,grass,35.0,11.0,1
2021_16_DEN_LV,LV,DEN,REG,16,Allegiant Stadium,dome,grass,,,1
2021_16_DET_ATL,ATL,DET,REG,16,Mercedes-Benz Stadium,open,fieldturf,,,1
2021_16_IND_ARI,ARI,IND,REG,16,State Farm Stadium,closed,grass,,,0
2021_16_JAX_NYJ,NYJ,JAX,REG,16,MetLife Stadium,outdoors,fieldturf,47.0,0.0,1
2021_16_LAC_HOU,HOU,LAC,REG,16,NRG Stadium,closed,astroturf,,,1
2021_16_LA_MIN,MIN,LA,REG,16,U.S. Bank Stadium,dome,sportturf,,,0
2021_16_MIA_NO,NO,MIA,REG,16,Caesars Superdome,dome,sportturf,,,0
2021_16_NYG_PHI,PHI,NYG,REG,16,Lincoln Financial Field,outdoors,grass,53.0,9.0,1
2021_16_PIT_KC,KC,PIT,REG,16,GEHA Field at Arrowhead Stadium,outdoors,grass,60.0,22.0,1
2021_16_SF_TEN,TEN,SF,REG,16,Nissan Stadium,outdoors,grass,48.0,7.0,0
2021_16_TB_CAR,CAR,TB,REG,16,Bank of America Stadium,outdoors,grass,73.0,8.0,0
2021_16_WAS_DAL,DAL,WAS,REG,16,AT&T Stadium,closed,matrixturf,,,1
2021_17_ARI_DAL,DAL,ARI,REG,17,AT&T Stadium,closed,matrixturf,,,0
2021_17_ATL_BUF,BUF,ATL,REG,17,Highmark Stadium,outdoors,a_turf,26.0,11.0,1
2021_17_CAR_NO,NO,CAR,REG,17,Caesars Superdome,dome,sportturf,,,0
2021_17_CLE_PIT,PIT,CLE,REG,17,Acrisure Stadium,outdoors,grass,25.0,12.0,1
2021_17_DEN_LAC,LAC,DEN,REG,17,SoFi Stadium,dome,matrixturf,,,1
2021_17_DET_SEA,SEA,DET,REG,17,Lumen Field,outdoors,fieldturf,37.0,0.0,1
2021_17_HOU_SF,SF,HOU,REG,17,Levi's® Stadium,outdoors,grass,50.0,6.0,1
2021_17_JAX_NE,NE,JAX,REG,17,Gillette Stadium,outdoors,fieldturf,46.0,4.0,1
2021_17_KC_CIN,CIN,KC,REG,17,Paycor Stadium,outdoors,fieldturf,33.0,13.0,0
2021_17_LA_BAL,BAL,LA,REG,17,M&T Bank Stadium,outdoors,grass,59.0,6.0,1
2021_17_LV_IND,IND,LV,REG,17,Lucas Oil Stadium,closed,fieldturf,,,1
2021_17_MIA_TEN,TEN,MIA,REG,17,Nissan Stadium,outdoors,grass,43.0,13.0,1
2021_17_MIN_GB,GB,MIN,REG,17,Lambeau Field,outdoors,grass,11.0,9.0,1
2021_17_NYG_CHI,CHI,NYG,REG,17,Soldier Field,outdoors,grass,25.0,13.0,1
2021_17_PHI_WAS,WAS,PHI,REG,17,Commanders Field,outdoors,grass,62.0,4.0,1
2021_17_TB_NYJ,NYJ,TB,REG,17,MetLife Stadium,outdoors,fieldturf,57.0,9.0,1
2021_18_CAR_TB,TB,CAR,REG,18,Raymond James Stadium,outdoors,grass,80.0,4.0,1
2021_18_CHI_MIN,MIN,CHI,REG,18,U.S. Bank Stadium,dome,sportturf,,,0
2021_18_CIN_CLE,CLE,CIN,REG,18,Cleveland Browns Stadium,outdoors,grass,38.0,22.0,1
2021_18_DAL_PHI,PHI,DAL,REG,18,Lincoln Financial Field,outdoors,grass,31.0,8.0,0
2021_18_GB_DET,DET,GB,REG,18,Ford Field,dome,fieldturf,,,1
2021_18_IND_JAX,JAX,IND,REG,18,EverBank Stadium,outdoors,grass,76.0,19.0,1
2021_18_KC_DEN,DEN,KC,REG,18,Empower Field at Mile High,outdoors,grass,41.0,4.0,1
2021_18_LAC_LV,LV,LAC,REG,18,Allegiant Stadium,dome,grass,,,1
2021_18_NE_MIA,MIA,NE,REG,18,Hard Rock Stadium,outdoors,grass,75.0,8.0,1
2021_18_NO_ATL,ATL,NO,REG,18,Mercedes-Benz Stadium,closed,fieldturf,,,0
2021_18_NYJ_BUF,BUF,NYJ,REG,18,Highmark Stadium,outdoors,a_turf,36.0,19.0,1
2021_18_PIT_BAL,BAL,PIT,REG,18,M&T Bank Stadium,outdoors,grass,36.0,0.0,1
2021_18_SEA_ARI,ARI,SEA,REG,18,State Farm Stadium,open,grass,,,1
2021_18_SF_LA,LA,SF,REG,18,SoFi Stadium,dome,matrixturf,,,0
2021_18_TEN_HOU,HOU,TEN,REG,18,NRG Stadium,closed,astroturf,,,0
2021_18_WAS_NYG,NYG,WAS,REG,18,MetLife Stadium,outdoors,fieldturf,38.0,0.0,0
2021_19_ARI_LA,LA,ARI,POST,19,SoFi Stadium,dome,matrixturf,,,1
2021_19_LV_CIN,CIN,LV,POST,19,Paycor Stadium,outdoors,fieldturf,31.0,12.0,1
2021_19_NE_BUF,BUF,NE,POST,19,Highmark Stadium,outdoors,a_turf,7.0,8.0,1
2021_19_PHI_TB,TB,PHI,POST,19,Raymond James Stadium,outdoors,grass,66.0,21.0,1
2021_19_PIT_KC,KC,PIT,POST,19,GEHA Field at Arrowhead Stadium,outdoors,grass,30.0,8.0,1
2021_19_SF_DAL,DAL,SF,POST,19,AT&T Stadium,closed,matrixturf,,,0
2021_20_BUF_KC,KC,BUF,POST,20,GEHA Field at Arrowhead Stadium,outdoors,grass,35.0,6.0,1
2021_20_CIN_TEN,TEN,CIN,POST,20,Nissan Stadium,outdoors,grass,35.0,0.0,0
2021_20_LA_TB,TB,LA,POST,20,Raymond James Stadium,outdoors,grass,50.0,11.0,0
2021_20_SF_GB,GB,SF,POST,20,Lambeau Field,outdoors,grass,15.0,12.0,1
2021_21_CIN_KC,KC,CIN,POST,21,GEHA Field at Arrowhead Stadium,outdoors,grass,41.0,4.0,0
2021_21_SF_LA,LA,SF,POST,21,SoFi Stadium,dome,matrixturf,,,0
2021_22_LA_CIN,CIN,LA,POST,22,SoFi Stadium,dome,matrixturf,,,1
2022_01_BAL_NYJ,NYJ,BAL,REG,1,MetLife Stadium,outdoors,fieldturf,,,0
2022_01_BUF_LA,LA,BUF,REG,1,SoFi Stadium,dome,matrixturf,,,0
2022_01_CLE_CAR,CAR,CLE,REG,1,Bank of America Stadium,outdoors,grass,,,0
2022_01_DEN_SEA,SEA,DEN,REG,1,Lumen Field,outdoors,fieldturf,,,1
2022_01_GB_MIN,MIN,GB,REG,1,U.S. Bank Stadium,dome,sportturf,,,1
2022_01_IND_HOU,HOU,IND,REG,1,NRG Stadium,closed,astroturf,,,1
2022_01_JAX_WAS,WAS,JAX,REG,1,Commanders Field,outdoors,grass,,,1
2022_01_KC_ARI,ARI,KC,REG,1,State Farm Stadium,closed,grass,,,0
2022_01_LV_LAC,LAC,LV,REG,1,SoFi Stadium,dome,matrixturf,,,1
2022_01_NE_MIA,MIA,NE,REG,1,Hard Rock Stadium,outdoors,grass,,,1
2022_01_NO_ATL,ATL,NO,REG,1,Mercedes-Benz Stadium,closed,fieldturf,,,1
2022_01_NYG_TEN,TEN,NYG,REG,1,Nissan Stadium,outdoors,grass,,,1
2022_01_PHI_DET,DET,PHI,REG,1,Ford Field,dome,fieldturf,,,0
2022_01_PIT_CIN,CIN,PIT,REG,1,Paycor Stadium,outdoors,fieldturf,,,0
2022_01_SF_CHI,CHI,SF,REG,1,Soldier Field,outdoors,grass,,,0
2022_01_TB_DAL,DAL,TB,REG,1,AT&T Stadium,closed,matrixturf,,,0
2022_02_ARI_LV,LV,ARI,REG,2,Allegiant Stadium,dome,grass,,,1
2022_02_ATL_LA,LA,ATL,REG,2,SoFi Stadium,dome,matrixturf,,,1
2022_02_CAR_NYG,NYG,CAR,REG,2,MetLife Stadium,outdoors,fieldturf,,,0
2022_02_CHI_GB,GB,CHI,REG,2,Lambeau Field,outdoors,grass,,,1
2022_02_CIN_DAL,DAL,CIN,REG,2,AT&T Stadium,closed,matrixturf,,,1
2022_02_HOU_DEN,DEN,HOU,REG,2,Empower Field at Mile High,outdoors,grass,,,0
2022_02_IND_JAX,JAX,IND,REG,2,EverBank Stadium,outdoors,grass,,,1
2022_02_LAC_KC,KC,LAC,REG,2,GEHA Field at Arrowhead Stadium,outdoors,grass,,,0
2022_02_MIA_BAL,BAL,MIA,REG,2,M&T Bank Stadium,outdoors,grass,,,1
2022_02_MIN_PHI,PHI,MIN,REG,2,Lincoln Financial Field,outdoors,grass,,,1
2022_02_NE_PIT,PIT,NE,REG,2,Acrisure Stadium,outdoors,grass,,,0
2022_02_NYJ_CLE,CLE,NYJ,REG,2,Cleveland Browns Stadium,outdoors,grass,,,0
2022_02_SEA_SF,SF,SEA,REG,2,Levi's® Stadium,outdoors,grass,,,1
2022_02_TB_NO,NO,TB,REG,2,Caesars Superdome,dome,sportturf,,,0
2022_02_TEN_BUF,BUF,TEN,REG,2,Highmark Stadium,outdoors,a_turf,,,1
2022_02_WAS_DET,DET,WAS,REG,2,Ford Field,dome,fieldturf,,,1
2022_03_ATL_SEA,SEA,ATL,REG,3,Lumen Field,outdoors,fieldturf,,,1
2022_03_BAL_NE,NE,BAL,REG,3,Gillette Stadium,outdoors,fieldturf,,,0
2022_03_BUF_MIA,MIA,BUF,REG,3,Hard Rock Stadium,outdoors,grass,,,0
2022_03_CIN_NYJ,NYJ,CIN,REG,3,MetLife Stadium,outdoors,fieldturf,,,0
2022_03_DAL_NYG,NYG,DAL,REG,3,MetLife Stadium,outdoors,fieldturf,,,0
2022_03_DET_MIN,MIN,DET,REG,3,U.S. Bank Stadium,dome,sportturf,,,0
2022_03_GB_TB,TB,GB,REG,3,Raymond James Stadium,outdoors,grass,,,0
2022_03_HOU_CHI,CHI,HOU,REG,3,Soldier Field,outdoors,grass,,,1
2022_03_JAX_LAC,LAC,JAX,REG,3,SoFi Stadium,dome,matrixturf,,,0
2022_03_KC_IND,IND,KC,REG,3,Lucas Oil Stadium,open,fieldturf,,,0
2022_03_LA_ARI,ARI,LA,REG,3,State Farm Stadium,closed,grass,,,0
2022_03_LV_TEN,TEN,LV,REG,3,Nissan Stadium,outdoors,grass,,,1
2022_03_NO_CAR,CAR,NO,REG,3,Bank of America Stadium,outdoors,grass,,,1
2022_03_PHI_WAS,WAS,PHI,REG,3,Commanders Field,outdoors,grass,,,0
2022_03_PIT_CLE,CLE,PIT,REG,3,Cleveland Browns Stadium,outdoors,grass,,,1
2022_03_SF_DEN,DEN,SF,REG,3,Empower Field at Mile High,outdoors,grass,,,0
2022_04_ARI_CAR,CAR,ARI,REG,4,Bank of America Stadium,outdoors,grass,,,0
2022_04_BUF_BAL,BAL,BUF,REG,4,M&T Bank Stadium,outdoors,grass,,,1
2022_04_CHI_NYG,NYG,CHI,REG,4,MetLife Stadium,outdoors,fieldturf,,,1
2022_04_CLE_ATL,ATL,CLE,REG,4,Mercedes-Benz Stadium,open,fieldturf,,,0
2022_04_DEN_LV,LV,DEN,REG,4,Allegiant Stadium,dome,grass,,,1
2022_04_JAX_PHI,PHI,JAX,REG,4,Lincoln Financial Field,outdoors,grass,,,1
2022_04_KC_TB,TB,KC,REG,4,Raymond James Stadium,outdoors,grass,,,0
2022_04_LAC_HOU,HOU,LAC,REG,4,NRG Stadium,closed,astroturf,,,0
2022_04_LA_SF,SF,LA,REG,4,Levi's® Stadium,outdoors,grass,,,1
2022_04_MIA_CIN,CIN,MIA,REG,4,Paycor Stadium,outdoors,fieldturf,,,1
2022_04_MIN_NO,NO,MIN,REG,4,Tottenham Hotspur Stadium,outdoors,,,,0
2022_04_NE_GB,GB,NE,REG,4,Lambeau Field,outdoors,grass,,,0
2022_04_NYJ_PIT,PIT,NYJ,REG,4,Acrisure Stadium,outdoors,grass,,,1
2022_04_SEA_DET,DET,SEA,REG,4,Ford Field,dome,fieldturf,,,0
2022_04_TEN_IND,IND,TEN,REG,4,Lucas Oil Stadium,open,fieldturf,,,0
2022_04_WAS_DAL,DAL,WAS,REG,4,AT&T Stadium,closed,matrixturf,,,1
2022_05_ATL_TB,TB,ATL,REG,5,Raymond James Stadium,outdoors,grass,,,1
2022_05_CHI_MIN,MIN,CHI,REG,5,U.S. Bank Stadium,dome,sportturf,,,1
2022_05_CIN_BAL,BAL,CIN,REG,5,M&T Bank Stadium,outdoors,grass,,,1
2022_05_DAL_LA,LA,DAL,REG,5,SoFi Stadium,dome,matrixturf,,,0
2022_05_DET_NE,NE,DET,REG,5,Gillette Stadium,outdoors,fieldturf,,,1
2022_05_HOU_JAX,JAX,HOU,REG,5,EverBank Stadium,outdoors,grass,,,0
2022_05_IND_DEN,DEN,IND,REG,5,Empower Field at Mile High,outdoors,grass,,,1
2022_05_LAC_CLE,CLE,LAC,REG,5,Cleveland Browns Stadium,outdoors,grass,,,1
2022_05_LV_KC,KC,LV,REG,5,GEHA Field at Arrowhead Stadium,outdoors,grass,,,1
2022_05_MIA_NYJ,NYJ,MIA,REG,5,MetLife Stadium,outdoors,fieldturf,,,1
2022_05_NYG_GB,GB,NYG,REG,5,Tottenham Hotspur Stadium,outdoors,,,,1
2022_05_PHI_ARI,ARI,PHI,REG,5,State Farm Stadium,closed,grass,,,0
2022_05_PIT_BUF,BUF,PIT,REG,5,Highmark Stadium,outdoors,a_turf,,,1
2022_05_SEA_NO,NO,SEA,REG,5,Caesars Superdome,dome,sportturf,,,1
2022_05_SF_CAR,CAR,SF,REG,5,Bank of America Stadium,outdoors,grass,,,0
2022_05_TEN_WAS,WAS,TEN,REG,5,Commanders Field,outdoors,grass,,,1
2022_06_ARI_SEA,SEA,ARI,REG,6,Lumen Field,outdoors,fieldturf,,,1
2022_06_BAL_NYG,NYG,BAL,REG,6,MetLife Stadium,outdoors,fieldturf,,,0
2022_06_BUF_KC,KC,BUF,REG,6,GEHA Field at Arrowhead Stadium,outdoors,grass,,,0
2022_06_CAR_LA,LA,CAR,REG,6,SoFi Stadium,dome,matrixturf,,,0
2022_06_CIN_NO,NO,CIN,REG,6,Caesars Superdome,dome,sportturf,,,1
2022_06_DAL_PHI,PHI,DAL,REG,6,Lincoln Financial Field,outdoors,grass,,,1
2022_06_DEN_LAC,LAC,DEN,REG,6,SoFi Stadium,dome,matrixturf,,,0
2022_06_JAX_IND,IND,JAX,REG,6,Lucas Oil Stadium,open,fieldturf,,,0
2022_06_MIN_MIA,MIA,MIN,REG,6,Hard Rock Stadium,outdoors,grass,,,0
2022_06_NE_CLE,CLE,NE,REG,6,Cleveland Browns Stadium,outdoors,grass,,,0
2022_06_NYJ_GB,GB,NYJ,REG,6,Lambeau Field,outdoors,grass,,,0
2022_06_SF_ATL,ATL,SF,REG,6,Mercedes-Benz Stadium,open,fieldturf,,,1
2022_06_TB_PIT,PIT,TB,REG,6,Acrisure Stadium,outdoors,grass,,,1
2022_06_WAS_CHI,CHI,WAS,REG,6,Soldier Field,outdoors,grass,,,1
2022_07_ATL_CIN,CIN,ATL,REG,7,Paycor Stadium,outdoors,fieldturf,,,1
2022_07_CHI_NE,NE,CHI,REG,7,Gillette Stadium,outdoors,fieldturf,,,0
2022_07_CLE_BAL,BAL,CLE,REG,7,M&T Bank Stadium,outdoors,grass,,,1
2022_07_DET_DAL,DAL,DET,REG,7,AT&T Stadium,closed,matrixturf,,,1
2022_07_GB_WAS,WAS,GB,REG,7,Commanders Field,outdoors,grass,,,1
2022_07_HOU_LV,LV,HOU,REG,7,Allegiant Stadium,dome,grass,,,0
2022_07_IND_TEN,TEN,IND,REG,7,Nissan Stadium,outdoors,grass,,,1
2022_07_KC_SF,SF,KC,REG,7,Levi's® Stadium,outdoors,,,,0
2022_07_NO_ARI,ARI,NO,REG,7,State Farm Stadium,open,grass,,,1
2022_07_NYG_JAX,JAX,NYG,REG,7,EverBank Stadium,outdoors,grass,,,1
2022_07_NYJ_DEN,DEN,NYJ,REG,7,Empower Field at Mile High,outdoors,grass,,,0
2022_07_PIT_MIA,MIA,PIT,REG,7,Hard Rock Stadium,outdoors,grass,,,1
2022_07_SEA_LAC,LAC,SEA,REG,7,SoFi Stadium,dome,matrixturf,,,0
2022_07_TB_CAR,CAR,TB,REG,7,Bank of America Stadium,outdoors,grass,,,1
2022_08_ARI_MIN,MIN,ARI,REG,8,U.S. Bank Stadium,dome,sportturf,,,1
2022_08_BAL_TB,TB,BAL,REG,8,Raymond James Stadium,outdoors,grass,,,0
2022_08_CAR_ATL,ATL,CAR,REG,8,Mercedes-Benz Stadium,closed,fieldturf,,,0
2022_08_CHI_DAL,DAL,CHI,REG,8,AT&T Stadium,open,matrixturf,,,1
2022_08_CIN_CLE,CLE,CIN,REG,8,Cleveland Browns Stadium,outdoors,grass,66.0,9.0,1
2022_08_DEN_JAX,JAX,DEN,REG,8,Wembley Stadium,outdoors,,,,0
2022_08_GB_BUF,BUF,GB,REG,8,Highmark Stadium,outdoors,a_turf,,,1
2022_08_LV_NO,NO,LV,REG,8,Caesars Superdome,dome,sportturf,,,1
2022_08_MIA_DET,DET,MIA,REG,8,Ford Field,dome,fieldturf,,,1
2022_08_NE_NYJ,NYJ,NE,REG,8,MetLife Stadium,outdoors,fieldturf,,,0
2022_08_NYG_SEA,SEA,NYG,REG,8,Lumen Field,outdoors,fieldturf,,,1
2022_08_PIT_PHI,PHI,PIT,REG,8,Lincoln Financial Field,outdoors,grass,,,1
2022_08_SF_LA,LA,SF,REG,8,SoFi Stadium,dome,matrixturf,,,0
2022_08_TEN_HOU,HOU,TEN,REG,8,NRG Stadium,closed,astroturf,,,0
2022_08_WAS_IND,IND,WAS,REG,8,Lucas Oil Stadium,closed,fieldturf,,,0
2022_09_BAL_NO,NO,BAL,REG,9,Caesars Superdome,dome,sportturf,,,0
2022_09_BUF_NYJ,NYJ,BUF,REG,9,MetLife Stadium,outdoors,fieldturf,69.0,17.0,1
2022_09_CAR_CIN,CIN,CAR,REG,9,Paycor Stadium,outdoors,fieldturf,68.0,11.0,1
2022_09_GB_DET,DET,GB,REG,9,Ford Field,dome,fieldturf,,,1
2022_09_IND_NE,NE,IND,REG,9,Gillette Stadium,outdoors,fieldturf,78.0,13.0,1
2022_09_LAC_ATL,ATL,LAC,REG,9,Mercedes-Benz Stadium,open,fieldturf,,,1
2022_09_LA_TB,TB,LA,REG,9,Raymond James Stadium,outdoors,grass,88.0,2.0,0
2022_09_LV_JAX,JAX,LV,REG,9,EverBank Stadium,outdoors,grass,81.0,14.0,1
2022_09_MIA_CHI,CHI,MIA,REG,9,Soldier Field,outdoors,grass,58.0,17.0,0
2022_09_MIN_WAS,WAS,MIN,REG,9,Commanders Field,outdoors,grass,71.0,11.0,1
2022_09_PHI_HOU,HOU,PHI,REG,9,NRG Stadium,closed,astroturf,,,0
2022_09_SEA_ARI,ARI,SEA,REG,9,State Farm Stadium,open,grass,,,0
2022_09_TEN_KC,KC,TEN,REG,9,GEHA Field at Arrowhead Stadium,outdoors,grass,54.0,7.0,0
2022_10_ARI_LA,LA,ARI,REG,10,SoFi Stadium,dome,matrixturf,,,0
2022_10_ATL_CAR,CAR,ATL,REG,10,Bank of America Stadium,outdoors,grass,61.0,12.0,1
2022_10_CLE_MIA,MIA,CLE,REG,10,Hard Rock Stadium,outdoors,grass,85.0,7.0,1
2022_10_DAL_GB,GB,DAL,REG,10,Lambeau Field,outdoors,grass,33.0,8.0,0
2022_10_DEN_TEN,TEN,DEN,REG,10,Nissan Stadium,outdoors,grass,36.0,9.0,1
2022_10_DET_CHI,CHI,DET,REG,10,Soldier Field,outdoors,grass,34.0,13.0,1
2022_10_HOU_NYG,NYG,HOU,REG,10,MetLife Stadium,outdoors,fieldturf,50.0,15.0,1
2022_10_IND_LV,LV,IND,REG,10,Allegiant Stadium,dome,grass,,,0
2022_10_JAX_KC,KC,JAX,REG,10,GEHA Field at Arrowhead Stadium,outdoors,grass,33.0,7.0,1
2022_10_LAC_SF,SF,LAC,REG,10,Levi's® Stadium,outdoors,grass,57.0,6.0,0
2022_10_MIN_BUF,BUF,MIN,REG,10,Highmark Stadium,outdoors,a_turf,38.0,11.0,1
2022_10_NO_PIT,PIT,NO,REG,10,Acrisure Stadium,outdoors,grass,37.0,15.0,0
2022_10_SEA_TB,TB,SEA,REG,10,Allianz Arena,outdoors,,,,1
2022_10_WAS_PHI,PHI,WAS,REG,10,Lincoln Financial Field,outdoors,grass,43.0,6.0,0
2022_11_CAR_BAL,BAL,CAR,REG,11,M&T Bank Stadium,outdoors,grass,36.0,2.0,0
2022_11_CHI_ATL,ATL,CHI,REG,11,Mercedes-Benz Stadium,closed,fieldturf,,,0
2022_11_CIN_PIT,PIT,CIN,REG,11,Acrisure Stadium,outdoors,grass,27.0,12.0,0
2022_11_CLE_BUF,BUF,CLE,REG,11,Ford Field,dome,fieldturf,,,1
2022_11_DAL_MIN,MIN,DAL,REG,11,U.S. Bank Stadium,dome,sportturf,,,0
2022_11_DET_NYG,NYG,DET,REG,11,MetLife Stadium,outdoors,fieldturf,35.0,21.0,0
2022_11_KC_LAC,LAC,KC,REG,11,SoFi Stadium,dome,matrixturf,,,1
2022_11_LA_NO,NO,LA,REG,11,Caesars Superdome,dome,sportturf,,,1
2022_11_LV_DEN,DEN,LV,REG,11,Empower Field at Mile High,outdoors,grass,49.0,11.0,1
2022_11_NYJ_NE,NE,NYJ,REG,11,Gillette Stadium,outdoors,fieldturf,42.0,2.0,0
2022_11_PHI_IND,IND,PHI,REG,11,Lucas Oil Stadium,closed,fieldturf,,,1
2022_11_SF_ARI,ARI,SF,REG,11,Estadio Azteca (Mexico City),outdoors,,,,0
2022_11_TEN_GB,GB,TEN,REG,11,Lambeau Field,outdoors,grass,25.0,11.0,0
2022_11_WAS_HOU,HOU,WAS,REG,11,NRG Stadium,closed,astroturf,,,0
2022_12_ATL_WAS,WAS,ATL,REG,12,Commanders Field,outdoors,grass,46.0,9.0,1
2022_12_BAL_JAX,JAX,BAL,REG,12,EverBank Stadium,outdoors,grass,77.0,19.0,0
2022_12_BUF_DET,DET,BUF,REG,12,Ford Field,dome,fieldturf,,,0
2022_12_CHI_NYJ,NYJ,CHI,REG,12,MetLife Stadium,outdoors,fieldturf,50.0,9.0,1
2022_12_CIN_TEN,TEN,CIN,REG,12,Nissan Stadium,outdoors,grass,56.0,14.0,0
2022_12_DEN_CAR,CAR,DEN,REG,12,Bank of America Stadium,outdoors,grass,66.0,15.0,1
2022_12_GB_PHI,PHI,GB,REG,12,Lincoln Financial Field,outdoors,grass,62.0,24.0,1
2022_12_HOU_MIA,MIA,HOU,REG,12,Hard Rock Stadium,outdoors,grass,84.0,13.0,1
2022_12_LAC_ARI,ARI,LAC,REG,12,State Farm Stadium,closed,grass,,,0
2022_12_LA_KC,KC,LA,REG,12,GEHA Field at Arrowhead Stadium,outdoors,grass,44.0,6.0,1
2022_12_LV_SEA,SEA,LV,REG,12,Lumen Field,outdoors,fieldturf,44.0,8.0,0
2022_12_NE_MIN,MIN,NE,REG,12,U.S. Bank Stadium,dome,sportturf,,,0
2022_12_NO_SF,SF,NO,REG,12,Levi's® Stadium,outdoors,grass,59.0,2.0,1
2022_12_NYG_DAL,DAL,NYG,REG,12,AT&T Stadium,closed,matrixturf,,,1
2022_12_PIT_IND,IND,PIT,REG,12,Lucas Oil Stadium,closed,fieldturf,,,0
2022_12_TB_CLE,CLE,TB,REG,12,Cleveland Browns Stadium,outdoors,grass,56.0,14.0,0
2022_13_BUF_NE,NE,BUF,REG,13,Gillette Stadium,outdoors,fieldturf,35.0,2.0,0
2022_13_CLE_HOU,HOU,CLE,REG,13,NRG Stadium,closed,astroturf,,,0
2022_13_DEN_BAL,BAL,DEN,REG,13,M&T Bank Stadium,outdoors,grass,63.0,8.0,0
2022_13_GB_CHI,CHI,GB,REG,13,Soldier Field,outdoors,grass,38.0,12.0,1
2022_13_IND_DAL,DAL,IND,REG,13,AT&T Stadium,closed,matrixturf,,,1
2022_13_JAX_DET,DET,JAX,REG,13,Ford Field,dome,fieldturf,,,1
2022_13_KC_CIN,CIN,KC,REG,13,Paycor Stadium,outdoors,fieldturf,57.0,2.0,0
2022_13_LAC_LV,LV,LAC,REG,13,Allegiant Stadium,dome,grass,,,1
2022_13_MIA_SF,SF,MIA,REG,13,Levi's® Stadium,outdoors,grass,38.0,6.0,1
2022_13_NO_TB,TB,NO,REG,13,Raymond James Stadium,outdoors,grass,69.0,2.0,0
2022_13_NYJ_MIN,MIN,NYJ,REG,13,U.S. Bank Stadium,dome,sportturf,,,1
2022_13_PIT_ATL,ATL,PIT,REG,13,Mercedes-Benz Stadium,closed,fieldturf,,,0
2022_13_SEA_LA,LA,SEA,REG,13,SoFi Stadium,dome,matrixturf,,,0
2022_13_TEN_PHI,PHI,TEN,REG,13,Lincoln Financial Field,outdoors,grass,60.0,7.0,1
2022_13_WAS_NYG,NYG,WAS,REG,13,MetLife Stadium,outdoors,fieldturf,40.0,9.0,1
2022_14_BAL_PIT,PIT,BAL,REG,14,Acrisure Stadium,outdoors,grass,42.0,12.0,0
2022_14_CAR_SEA,SEA,CAR,REG,14,Lumen Field,outdoors,fieldturf,45.0,4.0,0
2022_14_CLE_CIN,CIN,CLE,REG,14,Paycor Stadium,outdoors,fieldturf,47.0,8.0,1
2022_14_HOU_DAL,DAL,HOU,REG,14,AT&T Stadium,closed,matrixturf,,,0
2022_14_JAX_TEN,TEN,JAX,REG,14,Nissan Stadium,outdoors,grass,54.0,8.0,0
2022_14_KC_DEN,DEN,KC,REG,14,Empower Field at Mile High,outdoors,grass,55.0,4.0,0
2022_14_LV_LA,LA,LV,REG,14,SoFi Stadium,dome,matrixturf,,,0
2022_14_MIA_LAC,LAC,MIA,REG,14,SoFi Stadium,dome,matrixturf,,,1
2022_14_MIN_DET,DET,MIN,REG,14,Ford Field,dome,fieldturf,,,1
2022_14_NE_ARI,ARI,NE,REG,14,State Farm Stadium,closed,grass,,,0
2022_14_NYJ_BUF,BUF,NYJ,REG,14,Highmark Stadium,outdoors,a_turf,36.0,11.0,1
2022_14_PHI_NYG,NYG,PHI,REG,14,MetLife Stadium,outdoors,fieldturf,37.0,6.0,0
2022_14_TB_SF,SF,TB,REG,14,Levi's® Stadium,outdoors,grass,54.0,8.0,1
2022_15_ARI_DEN,DEN,ARI,REG,15,Empower Field at Mile High,outdoors,grass,37.0,4.0,1
2022_15_ATL_NO,NO,ATL,REG,15,Caesars Superdome,dome,sportturf,,,1
2022_15_BAL_CLE,CLE,BAL,REG,15,Cleveland Browns Stadium,outdoors,grass,34.0,12.0,1
2022_15_CIN_TB,TB,CIN,REG,15,Raymond James Stadium,outdoors,grass,66.0,6.0,0
2022_15_DAL_JAX,JAX,DAL,REG,15,EverBank Stadium,outdoors,grass,54.0,9.0,0
2022_15_DET_NYJ,NYJ,DET,REG,15,MetLife Stadium,outdoors,fieldturf,38.0,13.0,0
2022_15_IND_MIN,MIN,IND,REG,15,U.S. Bank Stadium,dome,sportturf,,,0
2022_15_KC_HOU,HOU,KC,REG,15,NRG Stadium,closed,astroturf,,,0
2022_15_LA_GB,GB,LA,REG,15,Lambeau Field,outdoors,grass,15.0,4.0,1
2022_15_MIA_BUF,BUF,MIA,REG,15,Highmark Stadium,outdoors,a_turf,29.0,4.0,1
2022_15_NE_LV,LV,NE,REG,15,Allegiant Stadium,dome,grass,,,1
2022_15_NYG_WAS,WAS,NYG,REG,15,Commanders Field,outdoors,grass,35.0,13.0,0
2022_15_PHI_CHI,CHI,PHI,REG,15,Soldier Field,outdoors,grass,17.0,17.0,0
2022_15_PIT_CAR,CAR,PIT,REG,15,Bank of America Stadium,outdoors,grass,47.0,7.0,0
2022_15_SF_SEA,SEA,SF,REG,15,Lumen Field,outdoors,fieldturf,,,0
2022_15_TEN_LAC,LAC,TEN,REG,15,SoFi Stadium,dome,matrixturf,,,0
2022_16_ATL_BAL,BAL,ATL,REG,16,M&T Bank Stadium,outdoors,grass,17.0,9.0,1
2022_16_BUF_CHI,CHI,BUF,REG,16,Soldier Field,outdoors,grass,7.0,17.0,0
2022_16_CIN_NE,NE,CIN,REG,16,Gillette Stadium,outdoors,fieldturf,21.0,2.0,0
2022_16_DEN_LA,LA,DEN,REG,16,SoFi Stadium,dome,matrixturf,,,1
2022_16_DET_CAR,CAR,DET,REG,16,Bank of America Stadium,outdoors,grass,20.0,12.0,1
2022_16_GB_MIA,MIA,GB,REG,16,Hard Rock Stadium,outdoors,grass,45.0,14.0,0
2022_16_HOU_TEN,TEN,HOU,REG,16,Nissan Stadium,outdoors,grass,22.0,14.0,1
2022_16_JAX_NYJ,NYJ,JAX,REG,16,MetLife Stadium,outdoors,fieldturf,43.0,17.0,0
2022_16_LAC_IND,IND,LAC,REG,16,Lucas Oil Stadium,closed,fieldturf,,,0
2022_16_LV_PIT,PIT,LV,REG,16,Acrisure Stadium,outdoors,grass,9.0,21.0,0
2022_16_NO_CLE,CLE,NO,REG,16,Cleveland Browns Stadium,outdoors,grass,6.0,27.0,0
2022_16_NYG_MIN,MIN,NYG,REG,16,U.S. Bank Stadium,dome,sportturf,,,0
2022_16_PHI_DAL,DAL,PHI,REG,16,AT&T Stadium,closed,matrixturf,,,0
2022_16_SEA_KC,KC,SEA,REG,16,GEHA Field at Arrowhead Stadium,outdoors,grass,12.0,9.0,1
2022_16_TB_ARI,ARI,TB,REG,16,State Farm Stadium,open,grass,,,1
2022_16_WAS_SF,SF,WAS,REG,16,Levi's® Stadium,outdoors,grass,54.0,2.0,1
2022_17_ARI_ATL,ATL,ARI,REG,17,Mercedes-Benz Stadium,closed,fieldturf,,,0
2022_17_CAR_TB,TB,CAR,REG,17,Raymond James Stadium,outdoors,grass,75.0,2.0,0
2022_17_CHI_DET,DET,CHI,REG,17,Ford Field,dome,fieldturf,,,1
2022_17_CLE_WAS,WAS,CLE,REG,17,Commanders Field,outdoors,grass,59.0,9.0,0
2022_17_DAL_TEN,TEN,DAL,REG,17,Nissan Stadium,outdoors,grass,56.0,4.0,0
2022_17_DEN_KC,KC,DEN,REG,17,GEHA Field at Arrowhead Stadium,outdoors,grass,47.0,2.0,0
2022_17_IND_NYG,NYG,IND,REG,17,MetLife Stadium,outdoors,fieldturf,52.0,14.0,1
2022_17_JAX_HOU,HOU,JAX,REG,17,NRG Stadium,closed,astroturf,,,0
2022_17_LA_LAC,LAC,LA,REG,17,SoFi Stadium,dome,matrixturf,,,1
2022_17_MIA_NE,NE,MIA,REG,17,Gillette Stadium,outdoors,fieldturf,53.0,2.0,1
2022_17_MIN_GB,GB,MIN,REG,17,Lambeau Field,outdoors,grass,39.0,7.0,1
2022_17_NO_PHI,PHI,NO,REG,17,Lincoln Financial Field,outdoors,grass,54.0,11.0,0
2022_17_NYJ_SEA,SEA,NYJ,REG,17,Lumen Field,outdoors,fieldturf,45.0,2.0,1
2022_17_PIT_BAL,BAL,PIT,REG,17,M&T Bank Stadium,outdoors,grass,44.0,2.0,1
2022_17_SF_LV,LV,SF,REG,17,Allegiant Stadium,dome,grass,,,1
2022_18_ARI_SF,SF,ARI,REG,18,Levi's® Stadium,outdoors,grass,57.0,2.0,1
2022_18_BAL_CIN,CIN,BAL,REG,18,Paycor Stadium,outdoors,fieldturf,38.0,7.0,1
2022_18_CAR_NO,NO,CAR,REG,18,Caesars Superdome,dome,sportturf,,,0
2022_18_CLE_PIT,PIT,CLE,REG,18,Acrisure Stadium,outdoors,grass,36.0,8.0,1
2022_18_DAL_WAS,WAS,DAL,REG,18,Commanders Field,outdoors,grass,42.0,7.0,1
2022_18_DET_GB,GB,DET,REG,18,Lambeau Field,outdoors,grass,21.0,4.0,0
2022_18_HOU_IND,IND,HOU,REG,18,Lucas Oil Stadium,closed,fieldturf,,,0
2022_18_KC_LV,LV,KC,REG,18,Allegiant Stadium,dome,grass,,,0
2022_18_LAC_DEN,DEN,LAC,REG,18,Empower Field at Mile High,outdoors,grass,43.0,4.0,1
2022_18_LA_SEA,SEA,LA,REG,18,Lumen Field,outdoors,fieldturf,45.0,4.0,0
2022_18_MIN_CHI,CHI,MIN,REG,18,Soldier Field,outdoors,grass,32.0,2.0,0
2022_18_NE_BUF,BUF,NE,REG,18,Highmark Stadium,outdoors,a_turf,30.0,6.0,1
2022_18_NYG_PHI,PHI,NYG,REG,18,Lincoln Financial Field,outdoors,grass,43.0,12.0,1
2022_18_NYJ_MIA,MIA,NYJ,REG,18,Hard Rock Stadium,outdoors,grass,75.0,9.0,1
2022_18_TB_ATL,ATL,TB,REG,18,Mercedes-Benz Stadium,closed,fieldturf,,,0
2022_18_TEN_JAX,JAX,TEN,REG,18,EverBank Stadium,outdoors,grass,56.0,4.0,0
2022_19_BAL_CIN,CIN,BAL,POST,19,Paycor Stadium,outdoors,fieldturf,30.0,4.0,0
2022_19_DAL_TB,TB,DAL,POST,19,Raymond James Stadium,outdoors,grass,58.0,2.0,0
2022_19_LAC_JAX,JAX,LAC,POST,19,EverBank Stadium,outdoors,grass,37.0,4.0,0
2022_19_MIA_BUF,BUF,MIA,POST,19,Highmark Stadium,outdoors,a_turf,27.0,4.0,0
2022_19_NYG_MIN,MIN,NYG,POST,19,U.S. Bank Stadium,dome,sportturf,,,0
2022_19_SEA_SF,SF,SEA,POST,19,Levi's® Stadium,outdoors,grass,57.0,11.0,1
2022_20_CIN_BUF,BUF,CIN,POST,20,Highmark Stadium,outdoors,a_turf,32.0,4.0,0
2022_20_DAL_SF,SF,DAL,POST,20,Levi's® Stadium,outdoors,grass,55.0,19.0,0
2022_20_JAX_KC,KC,JAX,POST,20,GEHA Field at Arrowhead Stadium,outdoors,grass,36.0,6.0,1
2022_20_NYG_PHI,PHI,NYG,POST,20,Lincoln Financial Field,outdoors,grass,40.0,6.0,1
2022_21_CIN_KC,KC,CIN,POST,21,GEHA Field at Arrowhead Stadium,outdoors,grass,22.0,13.0,1
2022_21_SF_PHI,PHI,SF,POST,21,Lincoln Financial Field,outdoors,grass,52.0,14.0,1
2022_22_KC_PHI,PHI,KC,POST,22,State Farm Stadium,closed,grass,,,1
